requirement_or_source,day03_contribution,artifact,verification,state,evidence_status
PRD §10 / KPI manual processing time,Round-1 measured-case contract; no baseline fabricated,clinical/studies/time-motion-baseline-round1.csv,CSV/schema/semantic validation,DESIGNED,UNKNOWN
PRD §10 / full-manual-review rate,Capture field defined per observed case,clinical/studies/time-motion-baseline-round1.csv,schema + reviewer check,DESIGNED,UNKNOWN
PRD §10 / remeasurement rate,Episode/count/reason capture defined,clinical/studies/time-motion-baseline-round1.csv,schema + evidence log,DESIGNED,UNKNOWN
PRD §14 / OQ-001,Observation count can be measured; monthly volume not inferred,docs/02-clinical/discovery/open-questions-burndown.md,no-silent-close test,DESIGNED,UNKNOWN
PRD §14 / OQ-002,Round-1 baseline container created; no site row supplied,clinical/studies/time-motion-baseline-round1.csv,baseline eligibility gate,DESIGNED,UNKNOWN
PRD §14 / OQ-003,Remeasurement evidence fields defined; no rate claimed,clinical/workflows/current-workflow-evidence-log.md,review checklist,DESIGNED,UNKNOWN
PRD §14 / OQ-004,Can capture site processing actions but no taxonomy/setting claim,clinical/workflows/current-workflow-evidence-log.md,explicit DAY04 handoff,DESIGNED,UNKNOWN
PRD §14 / OQ-005,Decision-context evidence slot preserved,clinical/workflows/current-workflow-evidence-log.md,evidence review,DESIGNED,UNKNOWN
SRS AC-10,Measured baseline required before pilot comparison; first observations not commitment,qa-validation/requirements/day03-acceptance-criteria.md,automated + peer review,DESIGNED,UNKNOWN
