subject_id,repetition_id,y_true,y_pred,n_windows,vote_fraction,fold_id,correct,feature_arm,model_id,split_name
1,mendeley-S001-rest-R01,rest,rest,59,0.9322033898305084,1,True,F-ALL14,logistic_regression,train_oof
1,mendeley-S001-wrist_extension-R01,wrist_extension,wrist_extension,59,0.9830508474576272,1,True,F-ALL14,logistic_regression,train_oof
1,mendeley-S001-wrist_flexion-R01,wrist_flexion,wrist_flexion,59,0.6101694915254238,1,True,F-ALL14,logistic_regression,train_oof
1,mendeley-S001-grip-R01,hand_close,hand_close,59,0.7627118644067796,1,True,F-ALL14,logistic_regression,train_oof
1,mendeley-S001-rest-R02,rest,rest,59,1.0,1,True,F-ALL14,logistic_regression,train_oof
1,mendeley-S001-wrist_extension-R02,wrist_extension,wrist_extension,59,1.0,1,True,F-ALL14,logistic_regression,train_oof
1,mendeley-S001-wrist_flexion-R02,wrist_flexion,wrist_flexion,59,0.8813559322033898,1,True,F-ALL14,logistic_regression,train_oof
1,mendeley-S001-grip-R02,hand_close,hand_close,59,0.9322033898305084,1,True,F-ALL14,logistic_regression,train_oof
1,mendeley-S001-rest-R03,rest,rest,59,0.9152542372881356,1,True,F-ALL14,logistic_regression,train_oof
1,mendeley-S001-wrist_extension-R03,wrist_extension,wrist_extension,59,1.0,1,True,F-ALL14,logistic_regression,train_oof
1,mendeley-S001-wrist_flexion-R03,wrist_flexion,wrist_flexion,59,0.7288135593220338,1,True,F-ALL14,logistic_regression,train_oof
1,mendeley-S001-grip-R03,hand_close,hand_close,59,0.6101694915254238,1,True,F-ALL14,logistic_regression,train_oof
1,mendeley-S001-rest-R04,rest,rest,59,0.9661016949152542,1,True,F-ALL14,logistic_regression,train_oof
1,mendeley-S001-wrist_extension-R04,wrist_extension,wrist_extension,59,1.0,1,True,F-ALL14,logistic_regression,train_oof
1,mendeley-S001-wrist_flexion-R04,wrist_flexion,wrist_flexion,59,0.7288135593220338,1,True,F-ALL14,logistic_regression,train_oof
1,mendeley-S001-grip-R04,hand_close,hand_close,59,0.9322033898305084,1,True,F-ALL14,logistic_regression,train_oof
1,mendeley-S001-rest-R05,rest,rest,59,0.5932203389830508,1,True,F-ALL14,logistic_regression,train_oof
1,mendeley-S001-wrist_extension-R05,wrist_extension,wrist_extension,59,1.0,1,True,F-ALL14,logistic_regression,train_oof
1,mendeley-S001-wrist_flexion-R05,wrist_flexion,wrist_flexion,59,0.8305084745762712,1,True,F-ALL14,logistic_regression,train_oof
1,mendeley-S001-grip-R05,hand_close,hand_close,59,0.9661016949152542,1,True,F-ALL14,logistic_regression,train_oof
2,mendeley-S002-rest-R01,rest,rest,59,0.3728813559322034,4,True,F-ALL14,logistic_regression,train_oof
2,mendeley-S002-wrist_extension-R01,wrist_extension,wrist_extension,59,1.0,4,True,F-ALL14,logistic_regression,train_oof
2,mendeley-S002-wrist_flexion-R01,wrist_flexion,wrist_flexion,59,0.6440677966101694,4,True,F-ALL14,logistic_regression,train_oof
2,mendeley-S002-grip-R01,hand_close,hand_close,59,0.9830508474576272,4,True,F-ALL14,logistic_regression,train_oof
2,mendeley-S002-rest-R02,rest,wrist_flexion,59,0.7288135593220338,4,False,F-ALL14,logistic_regression,train_oof
2,mendeley-S002-wrist_extension-R02,wrist_extension,wrist_extension,59,1.0,4,True,F-ALL14,logistic_regression,train_oof
2,mendeley-S002-wrist_flexion-R02,wrist_flexion,wrist_flexion,59,0.6610169491525424,4,True,F-ALL14,logistic_regression,train_oof
2,mendeley-S002-grip-R02,hand_close,hand_close,59,0.9491525423728814,4,True,F-ALL14,logistic_regression,train_oof
2,mendeley-S002-rest-R03,rest,rest,59,0.4915254237288136,4,True,F-ALL14,logistic_regression,train_oof
2,mendeley-S002-wrist_extension-R03,wrist_extension,wrist_extension,59,1.0,4,True,F-ALL14,logistic_regression,train_oof
2,mendeley-S002-wrist_flexion-R03,wrist_flexion,hand_close,59,0.5254237288135594,4,False,F-ALL14,logistic_regression,train_oof
2,mendeley-S002-grip-R03,hand_close,hand_close,59,0.9830508474576272,4,True,F-ALL14,logistic_regression,train_oof
2,mendeley-S002-rest-R04,rest,wrist_flexion,59,0.5423728813559322,4,False,F-ALL14,logistic_regression,train_oof
2,mendeley-S002-wrist_extension-R04,wrist_extension,wrist_extension,59,0.9830508474576272,4,True,F-ALL14,logistic_regression,train_oof
2,mendeley-S002-wrist_flexion-R04,wrist_flexion,hand_close,59,0.4576271186440678,4,False,F-ALL14,logistic_regression,train_oof
2,mendeley-S002-grip-R04,hand_close,wrist_flexion,59,0.8983050847457628,4,False,F-ALL14,logistic_regression,train_oof
2,mendeley-S002-rest-R05,rest,wrist_flexion,59,0.6271186440677966,4,False,F-ALL14,logistic_regression,train_oof
2,mendeley-S002-wrist_extension-R05,wrist_extension,wrist_extension,59,1.0,4,True,F-ALL14,logistic_regression,train_oof
2,mendeley-S002-wrist_flexion-R05,wrist_flexion,wrist_flexion,59,0.711864406779661,4,True,F-ALL14,logistic_regression,train_oof
2,mendeley-S002-grip-R05,hand_close,hand_close,59,0.9491525423728814,4,True,F-ALL14,logistic_regression,train_oof
3,mendeley-S003-rest-R01,rest,rest,59,0.8135593220338984,2,True,F-ALL14,logistic_regression,train_oof
3,mendeley-S003-wrist_extension-R01,wrist_extension,wrist_extension,59,0.864406779661017,2,True,F-ALL14,logistic_regression,train_oof
3,mendeley-S003-wrist_flexion-R01,wrist_flexion,wrist_flexion,59,0.4745762711864407,2,True,F-ALL14,logistic_regression,train_oof
3,mendeley-S003-grip-R01,hand_close,hand_close,59,0.6779661016949152,2,True,F-ALL14,logistic_regression,train_oof
3,mendeley-S003-rest-R02,rest,rest,59,0.8305084745762712,2,True,F-ALL14,logistic_regression,train_oof
3,mendeley-S003-wrist_extension-R02,wrist_extension,wrist_extension,59,0.9152542372881356,2,True,F-ALL14,logistic_regression,train_oof
3,mendeley-S003-wrist_flexion-R02,wrist_flexion,wrist_flexion,59,0.711864406779661,2,True,F-ALL14,logistic_regression,train_oof
3,mendeley-S003-grip-R02,hand_close,hand_close,59,0.6440677966101694,2,True,F-ALL14,logistic_regression,train_oof
3,mendeley-S003-rest-R03,rest,rest,59,0.576271186440678,2,True,F-ALL14,logistic_regression,train_oof
3,mendeley-S003-wrist_extension-R03,wrist_extension,wrist_extension,59,0.8813559322033898,2,True,F-ALL14,logistic_regression,train_oof
3,mendeley-S003-wrist_flexion-R03,wrist_flexion,wrist_flexion,59,0.6610169491525424,2,True,F-ALL14,logistic_regression,train_oof
3,mendeley-S003-grip-R03,hand_close,hand_close,59,0.864406779661017,2,True,F-ALL14,logistic_regression,train_oof
3,mendeley-S003-wrist_extension-R04,wrist_extension,wrist_extension,59,0.9322033898305084,2,True,F-ALL14,logistic_regression,train_oof
3,mendeley-S003-wrist_flexion-R04,wrist_flexion,wrist_flexion,15,1.0,2,True,F-ALL14,logistic_regression,train_oof
3,mendeley-S003-grip-R04,hand_close,hand_close,59,0.4576271186440678,2,True,F-ALL14,logistic_regression,train_oof
3,mendeley-S003-rest-R05,rest,rest,59,0.3898305084745763,2,True,F-ALL14,logistic_regression,train_oof
3,mendeley-S003-wrist_extension-R05,wrist_extension,wrist_extension,59,0.9661016949152542,2,True,F-ALL14,logistic_regression,train_oof
3,mendeley-S003-wrist_flexion-R05,wrist_flexion,rest,59,0.4406779661016949,2,False,F-ALL14,logistic_regression,train_oof
3,mendeley-S003-grip-R05,hand_close,hand_close,59,0.8305084745762712,2,True,F-ALL14,logistic_regression,train_oof
4,mendeley-S004-rest-R01,rest,hand_close,59,0.847457627118644,1,False,F-ALL14,logistic_regression,train_oof
4,mendeley-S004-wrist_extension-R01,wrist_extension,wrist_extension,59,0.9322033898305084,1,True,F-ALL14,logistic_regression,train_oof
4,mendeley-S004-wrist_flexion-R01,wrist_flexion,hand_close,59,0.4406779661016949,1,False,F-ALL14,logistic_regression,train_oof
4,mendeley-S004-grip-R01,hand_close,hand_close,59,0.9152542372881356,1,True,F-ALL14,logistic_regression,train_oof
4,mendeley-S004-rest-R02,rest,hand_close,59,0.9661016949152542,1,False,F-ALL14,logistic_regression,train_oof
4,mendeley-S004-wrist_extension-R02,wrist_extension,wrist_extension,59,0.9830508474576272,1,True,F-ALL14,logistic_regression,train_oof
4,mendeley-S004-wrist_flexion-R02,wrist_flexion,wrist_flexion,59,0.847457627118644,1,True,F-ALL14,logistic_regression,train_oof
4,mendeley-S004-grip-R02,hand_close,hand_close,59,1.0,1,True,F-ALL14,logistic_regression,train_oof
4,mendeley-S004-rest-R03,rest,hand_close,59,0.9830508474576272,1,False,F-ALL14,logistic_regression,train_oof
4,mendeley-S004-wrist_extension-R03,wrist_extension,wrist_extension,59,1.0,1,True,F-ALL14,logistic_regression,train_oof
4,mendeley-S004-wrist_flexion-R03,wrist_flexion,hand_close,59,0.5084745762711864,1,False,F-ALL14,logistic_regression,train_oof
4,mendeley-S004-grip-R03,hand_close,hand_close,59,0.9152542372881356,1,True,F-ALL14,logistic_regression,train_oof
4,mendeley-S004-rest-R04,rest,hand_close,59,1.0,1,False,F-ALL14,logistic_regression,train_oof
4,mendeley-S004-wrist_extension-R04,wrist_extension,wrist_extension,59,0.9661016949152542,1,True,F-ALL14,logistic_regression,train_oof
4,mendeley-S004-wrist_flexion-R04,wrist_flexion,wrist_flexion,59,0.576271186440678,1,True,F-ALL14,logistic_regression,train_oof
4,mendeley-S004-grip-R04,hand_close,hand_close,59,0.8305084745762712,1,True,F-ALL14,logistic_regression,train_oof
4,mendeley-S004-rest-R05,rest,hand_close,59,0.9830508474576272,1,False,F-ALL14,logistic_regression,train_oof
4,mendeley-S004-wrist_extension-R05,wrist_extension,wrist_extension,59,0.9830508474576272,1,True,F-ALL14,logistic_regression,train_oof
4,mendeley-S004-wrist_flexion-R05,wrist_flexion,wrist_flexion,59,0.8135593220338984,1,True,F-ALL14,logistic_regression,train_oof
4,mendeley-S004-grip-R05,hand_close,hand_close,59,0.8813559322033898,1,True,F-ALL14,logistic_regression,train_oof
5,mendeley-S005-rest-R01,rest,wrist_flexion,59,0.6440677966101694,2,False,F-ALL14,logistic_regression,train_oof
5,mendeley-S005-wrist_extension-R01,wrist_extension,wrist_extension,59,0.9830508474576272,2,True,F-ALL14,logistic_regression,train_oof
5,mendeley-S005-wrist_flexion-R01,wrist_flexion,wrist_flexion,59,0.6610169491525424,2,True,F-ALL14,logistic_regression,train_oof
5,mendeley-S005-grip-R01,hand_close,hand_close,59,0.7288135593220338,2,True,F-ALL14,logistic_regression,train_oof
5,mendeley-S005-rest-R02,rest,wrist_flexion,59,0.6440677966101694,2,False,F-ALL14,logistic_regression,train_oof
5,mendeley-S005-wrist_extension-R02,wrist_extension,wrist_extension,59,0.9830508474576272,2,True,F-ALL14,logistic_regression,train_oof
5,mendeley-S005-wrist_flexion-R02,wrist_flexion,wrist_flexion,59,0.7288135593220338,2,True,F-ALL14,logistic_regression,train_oof
5,mendeley-S005-grip-R02,hand_close,hand_close,59,0.6440677966101694,2,True,F-ALL14,logistic_regression,train_oof
5,mendeley-S005-rest-R03,rest,rest,59,0.6101694915254238,2,True,F-ALL14,logistic_regression,train_oof
5,mendeley-S005-wrist_extension-R03,wrist_extension,wrist_extension,59,0.9830508474576272,2,True,F-ALL14,logistic_regression,train_oof
5,mendeley-S005-wrist_flexion-R03,wrist_flexion,wrist_flexion,59,0.6610169491525424,2,True,F-ALL14,logistic_regression,train_oof
5,mendeley-S005-grip-R03,hand_close,wrist_extension,59,0.6949152542372882,2,False,F-ALL14,logistic_regression,train_oof
5,mendeley-S005-rest-R04,rest,wrist_flexion,59,0.8813559322033898,2,False,F-ALL14,logistic_regression,train_oof
5,mendeley-S005-wrist_extension-R04,wrist_extension,wrist_extension,59,1.0,2,True,F-ALL14,logistic_regression,train_oof
5,mendeley-S005-wrist_flexion-R04,wrist_flexion,wrist_flexion,59,0.576271186440678,2,True,F-ALL14,logistic_regression,train_oof
5,mendeley-S005-grip-R04,hand_close,hand_close,59,0.7796610169491526,2,True,F-ALL14,logistic_regression,train_oof
5,mendeley-S005-rest-R05,rest,wrist_flexion,59,0.7457627118644068,2,False,F-ALL14,logistic_regression,train_oof
5,mendeley-S005-wrist_extension-R05,wrist_extension,wrist_extension,59,1.0,2,True,F-ALL14,logistic_regression,train_oof
5,mendeley-S005-wrist_flexion-R05,wrist_flexion,wrist_flexion,59,0.559322033898305,2,True,F-ALL14,logistic_regression,train_oof
5,mendeley-S005-grip-R05,hand_close,hand_close,59,0.7796610169491526,2,True,F-ALL14,logistic_regression,train_oof
7,mendeley-S007-rest-R01,rest,rest,59,0.9830508474576272,3,True,F-ALL14,logistic_regression,train_oof
7,mendeley-S007-wrist_extension-R01,wrist_extension,wrist_extension,59,0.9491525423728814,3,True,F-ALL14,logistic_regression,train_oof
7,mendeley-S007-wrist_flexion-R01,wrist_flexion,wrist_flexion,59,0.6779661016949152,3,True,F-ALL14,logistic_regression,train_oof
7,mendeley-S007-grip-R01,hand_close,rest,59,0.6610169491525424,3,False,F-ALL14,logistic_regression,train_oof
7,mendeley-S007-rest-R02,rest,rest,59,1.0,3,True,F-ALL14,logistic_regression,train_oof
7,mendeley-S007-wrist_extension-R02,wrist_extension,wrist_extension,59,0.9830508474576272,3,True,F-ALL14,logistic_regression,train_oof
7,mendeley-S007-wrist_flexion-R02,wrist_flexion,wrist_flexion,59,0.8305084745762712,3,True,F-ALL14,logistic_regression,train_oof
7,mendeley-S007-grip-R02,hand_close,hand_close,59,0.6949152542372882,3,True,F-ALL14,logistic_regression,train_oof
7,mendeley-S007-rest-R03,rest,rest,59,0.9661016949152542,3,True,F-ALL14,logistic_regression,train_oof
7,mendeley-S007-wrist_extension-R03,wrist_extension,wrist_extension,59,1.0,3,True,F-ALL14,logistic_regression,train_oof
7,mendeley-S007-wrist_flexion-R03,wrist_flexion,wrist_flexion,59,0.7966101694915254,3,True,F-ALL14,logistic_regression,train_oof
7,mendeley-S007-grip-R03,hand_close,hand_close,59,0.8983050847457628,3,True,F-ALL14,logistic_regression,train_oof
7,mendeley-S007-rest-R04,rest,rest,59,0.9491525423728814,3,True,F-ALL14,logistic_regression,train_oof
7,mendeley-S007-wrist_extension-R04,wrist_extension,wrist_extension,59,1.0,3,True,F-ALL14,logistic_regression,train_oof
7,mendeley-S007-wrist_flexion-R04,wrist_flexion,wrist_flexion,59,0.847457627118644,3,True,F-ALL14,logistic_regression,train_oof
7,mendeley-S007-grip-R04,hand_close,hand_close,59,0.7966101694915254,3,True,F-ALL14,logistic_regression,train_oof
7,mendeley-S007-rest-R05,rest,rest,59,1.0,3,True,F-ALL14,logistic_regression,train_oof
7,mendeley-S007-wrist_extension-R05,wrist_extension,wrist_extension,59,1.0,3,True,F-ALL14,logistic_regression,train_oof
7,mendeley-S007-wrist_flexion-R05,wrist_flexion,wrist_flexion,59,0.8305084745762712,3,True,F-ALL14,logistic_regression,train_oof
7,mendeley-S007-grip-R05,hand_close,rest,59,0.7457627118644068,3,False,F-ALL14,logistic_regression,train_oof
8,mendeley-S008-rest-R01,rest,rest,59,0.6440677966101694,0,True,F-ALL14,logistic_regression,train_oof
8,mendeley-S008-wrist_extension-R01,wrist_extension,wrist_extension,59,0.864406779661017,0,True,F-ALL14,logistic_regression,train_oof
8,mendeley-S008-wrist_flexion-R01,wrist_flexion,rest,59,0.711864406779661,0,False,F-ALL14,logistic_regression,train_oof
8,mendeley-S008-grip-R01,hand_close,hand_close,59,0.6779661016949152,0,True,F-ALL14,logistic_regression,train_oof
8,mendeley-S008-rest-R02,rest,hand_close,59,0.576271186440678,0,False,F-ALL14,logistic_regression,train_oof
8,mendeley-S008-wrist_extension-R02,wrist_extension,wrist_extension,59,0.9322033898305084,0,True,F-ALL14,logistic_regression,train_oof
8,mendeley-S008-wrist_flexion-R02,wrist_flexion,rest,59,0.6779661016949152,0,False,F-ALL14,logistic_regression,train_oof
8,mendeley-S008-grip-R02,hand_close,hand_close,59,0.847457627118644,0,True,F-ALL14,logistic_regression,train_oof
8,mendeley-S008-rest-R03,rest,rest,59,0.9322033898305084,0,True,F-ALL14,logistic_regression,train_oof
8,mendeley-S008-wrist_extension-R03,wrist_extension,wrist_extension,59,0.9830508474576272,0,True,F-ALL14,logistic_regression,train_oof
8,mendeley-S008-wrist_flexion-R03,wrist_flexion,rest,59,0.5254237288135594,0,False,F-ALL14,logistic_regression,train_oof
8,mendeley-S008-grip-R03,hand_close,hand_close,59,0.576271186440678,0,True,F-ALL14,logistic_regression,train_oof
8,mendeley-S008-rest-R04,rest,wrist_flexion,59,0.6779661016949152,0,False,F-ALL14,logistic_regression,train_oof
8,mendeley-S008-wrist_extension-R04,wrist_extension,wrist_extension,59,0.9830508474576272,0,True,F-ALL14,logistic_regression,train_oof
8,mendeley-S008-wrist_flexion-R04,wrist_flexion,rest,59,0.864406779661017,0,False,F-ALL14,logistic_regression,train_oof
8,mendeley-S008-grip-R04,hand_close,hand_close,59,0.5932203389830508,0,True,F-ALL14,logistic_regression,train_oof
8,mendeley-S008-rest-R05,rest,rest,59,0.8305084745762712,0,True,F-ALL14,logistic_regression,train_oof
8,mendeley-S008-wrist_extension-R05,wrist_extension,wrist_extension,59,0.9152542372881356,0,True,F-ALL14,logistic_regression,train_oof
8,mendeley-S008-wrist_flexion-R05,wrist_flexion,rest,59,0.9661016949152542,0,False,F-ALL14,logistic_regression,train_oof
8,mendeley-S008-grip-R05,hand_close,hand_close,59,0.7627118644067796,0,True,F-ALL14,logistic_regression,train_oof
9,mendeley-S009-rest-R01,rest,wrist_flexion,59,0.7288135593220338,4,False,F-ALL14,logistic_regression,train_oof
9,mendeley-S009-wrist_extension-R01,wrist_extension,wrist_extension,59,0.864406779661017,4,True,F-ALL14,logistic_regression,train_oof
9,mendeley-S009-wrist_flexion-R01,wrist_flexion,wrist_flexion,59,0.6101694915254238,4,True,F-ALL14,logistic_regression,train_oof
9,mendeley-S009-grip-R01,hand_close,hand_close,59,0.6949152542372882,4,True,F-ALL14,logistic_regression,train_oof
9,mendeley-S009-rest-R02,rest,rest,59,0.7966101694915254,4,True,F-ALL14,logistic_regression,train_oof
9,mendeley-S009-wrist_extension-R02,wrist_extension,wrist_flexion,59,0.6610169491525424,4,False,F-ALL14,logistic_regression,train_oof
9,mendeley-S009-wrist_flexion-R02,wrist_flexion,wrist_flexion,59,0.9491525423728814,4,True,F-ALL14,logistic_regression,train_oof
9,mendeley-S009-grip-R02,hand_close,hand_close,59,0.8135593220338984,4,True,F-ALL14,logistic_regression,train_oof
9,mendeley-S009-rest-R03,rest,wrist_flexion,59,0.6101694915254238,4,False,F-ALL14,logistic_regression,train_oof
9,mendeley-S009-wrist_extension-R03,wrist_extension,wrist_extension,59,0.9491525423728814,4,True,F-ALL14,logistic_regression,train_oof
9,mendeley-S009-wrist_flexion-R03,wrist_flexion,wrist_flexion,59,0.6779661016949152,4,True,F-ALL14,logistic_regression,train_oof
9,mendeley-S009-grip-R03,hand_close,hand_close,59,0.7966101694915254,4,True,F-ALL14,logistic_regression,train_oof
9,mendeley-S009-rest-R04,rest,rest,59,1.0,4,True,F-ALL14,logistic_regression,train_oof
9,mendeley-S009-wrist_extension-R04,wrist_extension,wrist_extension,59,0.7796610169491526,4,True,F-ALL14,logistic_regression,train_oof
9,mendeley-S009-wrist_flexion-R04,wrist_flexion,wrist_flexion,59,0.576271186440678,4,True,F-ALL14,logistic_regression,train_oof
9,mendeley-S009-grip-R04,hand_close,hand_close,59,0.9152542372881356,4,True,F-ALL14,logistic_regression,train_oof
9,mendeley-S009-rest-R05,rest,wrist_flexion,59,0.6440677966101694,4,False,F-ALL14,logistic_regression,train_oof
9,mendeley-S009-wrist_extension-R05,wrist_extension,wrist_extension,59,0.9491525423728814,4,True,F-ALL14,logistic_regression,train_oof
9,mendeley-S009-wrist_flexion-R05,wrist_flexion,wrist_flexion,59,0.6779661016949152,4,True,F-ALL14,logistic_regression,train_oof
9,mendeley-S009-grip-R05,hand_close,hand_close,59,0.864406779661017,4,True,F-ALL14,logistic_regression,train_oof
11,mendeley-S011-rest-R01,rest,rest,59,0.847457627118644,0,True,F-ALL14,logistic_regression,train_oof
11,mendeley-S011-wrist_extension-R01,wrist_extension,wrist_extension,59,0.9830508474576272,0,True,F-ALL14,logistic_regression,train_oof
11,mendeley-S011-wrist_flexion-R01,wrist_flexion,wrist_flexion,59,0.8135593220338984,0,True,F-ALL14,logistic_regression,train_oof
11,mendeley-S011-grip-R01,hand_close,hand_close,59,0.8813559322033898,0,True,F-ALL14,logistic_regression,train_oof
11,mendeley-S011-rest-R02,rest,rest,59,0.6271186440677966,0,True,F-ALL14,logistic_regression,train_oof
11,mendeley-S011-wrist_extension-R02,wrist_extension,wrist_extension,59,0.9661016949152542,0,True,F-ALL14,logistic_regression,train_oof
11,mendeley-S011-wrist_flexion-R02,wrist_flexion,wrist_flexion,59,0.7627118644067796,0,True,F-ALL14,logistic_regression,train_oof
11,mendeley-S011-grip-R02,hand_close,hand_close,59,0.7966101694915254,0,True,F-ALL14,logistic_regression,train_oof
11,mendeley-S011-rest-R03,rest,wrist_flexion,59,0.5254237288135594,0,False,F-ALL14,logistic_regression,train_oof
11,mendeley-S011-wrist_extension-R03,wrist_extension,wrist_extension,59,0.9661016949152542,0,True,F-ALL14,logistic_regression,train_oof
11,mendeley-S011-wrist_flexion-R03,wrist_flexion,wrist_flexion,59,0.7627118644067796,0,True,F-ALL14,logistic_regression,train_oof
11,mendeley-S011-grip-R03,hand_close,wrist_flexion,59,0.5254237288135594,0,False,F-ALL14,logistic_regression,train_oof
11,mendeley-S011-rest-R04,rest,rest,59,0.5423728813559322,0,True,F-ALL14,logistic_regression,train_oof
11,mendeley-S011-wrist_extension-R04,wrist_extension,wrist_extension,59,0.9830508474576272,0,True,F-ALL14,logistic_regression,train_oof
11,mendeley-S011-wrist_flexion-R04,wrist_flexion,wrist_flexion,59,0.864406779661017,0,True,F-ALL14,logistic_regression,train_oof
11,mendeley-S011-grip-R04,hand_close,hand_close,59,0.711864406779661,0,True,F-ALL14,logistic_regression,train_oof
11,mendeley-S011-rest-R05,rest,rest,59,0.8135593220338984,0,True,F-ALL14,logistic_regression,train_oof
11,mendeley-S011-wrist_extension-R05,wrist_extension,wrist_extension,59,0.9830508474576272,0,True,F-ALL14,logistic_regression,train_oof
11,mendeley-S011-wrist_flexion-R05,wrist_flexion,wrist_flexion,59,0.9322033898305084,0,True,F-ALL14,logistic_regression,train_oof
11,mendeley-S011-grip-R05,hand_close,hand_close,59,0.5423728813559322,0,True,F-ALL14,logistic_regression,train_oof
12,mendeley-S012-rest-R01,rest,rest,59,0.9830508474576272,2,True,F-ALL14,logistic_regression,train_oof
12,mendeley-S012-wrist_extension-R01,wrist_extension,wrist_extension,59,1.0,2,True,F-ALL14,logistic_regression,train_oof
12,mendeley-S012-wrist_flexion-R01,wrist_flexion,rest,59,0.5084745762711864,2,False,F-ALL14,logistic_regression,train_oof
12,mendeley-S012-grip-R01,hand_close,hand_close,59,0.9491525423728814,2,True,F-ALL14,logistic_regression,train_oof
12,mendeley-S012-rest-R02,rest,rest,59,0.8983050847457628,2,True,F-ALL14,logistic_regression,train_oof
12,mendeley-S012-wrist_extension-R02,wrist_extension,wrist_extension,59,1.0,2,True,F-ALL14,logistic_regression,train_oof
12,mendeley-S012-wrist_flexion-R02,wrist_flexion,wrist_flexion,59,0.5423728813559322,2,True,F-ALL14,logistic_regression,train_oof
12,mendeley-S012-grip-R02,hand_close,hand_close,59,0.9322033898305084,2,True,F-ALL14,logistic_regression,train_oof
12,mendeley-S012-rest-R03,rest,rest,59,0.9322033898305084,2,True,F-ALL14,logistic_regression,train_oof
12,mendeley-S012-wrist_extension-R03,wrist_extension,wrist_extension,59,1.0,2,True,F-ALL14,logistic_regression,train_oof
12,mendeley-S012-wrist_flexion-R03,wrist_flexion,wrist_flexion,59,0.4915254237288136,2,True,F-ALL14,logistic_regression,train_oof
12,mendeley-S012-grip-R03,hand_close,hand_close,59,0.9661016949152542,2,True,F-ALL14,logistic_regression,train_oof
12,mendeley-S012-rest-R04,rest,rest,59,0.9661016949152542,2,True,F-ALL14,logistic_regression,train_oof
12,mendeley-S012-wrist_extension-R04,wrist_extension,wrist_extension,59,0.9830508474576272,2,True,F-ALL14,logistic_regression,train_oof
12,mendeley-S012-wrist_flexion-R04,wrist_flexion,wrist_flexion,59,0.7457627118644068,2,True,F-ALL14,logistic_regression,train_oof
12,mendeley-S012-grip-R04,hand_close,hand_close,59,0.9491525423728814,2,True,F-ALL14,logistic_regression,train_oof
12,mendeley-S012-rest-R05,rest,rest,59,0.8135593220338984,2,True,F-ALL14,logistic_regression,train_oof
12,mendeley-S012-wrist_extension-R05,wrist_extension,wrist_extension,59,1.0,2,True,F-ALL14,logistic_regression,train_oof
12,mendeley-S012-wrist_flexion-R05,wrist_flexion,wrist_flexion,59,0.9322033898305084,2,True,F-ALL14,logistic_regression,train_oof
12,mendeley-S012-grip-R05,hand_close,hand_close,59,0.9830508474576272,2,True,F-ALL14,logistic_regression,train_oof
13,mendeley-S013-rest-R01,rest,rest,59,0.7288135593220338,3,True,F-ALL14,logistic_regression,train_oof
13,mendeley-S013-wrist_extension-R01,wrist_extension,wrist_extension,59,1.0,3,True,F-ALL14,logistic_regression,train_oof
13,mendeley-S013-wrist_flexion-R01,wrist_flexion,rest,59,0.8135593220338984,3,False,F-ALL14,logistic_regression,train_oof
13,mendeley-S013-grip-R01,hand_close,rest,59,0.8813559322033898,3,False,F-ALL14,logistic_regression,train_oof
13,mendeley-S013-rest-R02,rest,rest,59,0.7966101694915254,3,True,F-ALL14,logistic_regression,train_oof
13,mendeley-S013-wrist_extension-R02,wrist_extension,wrist_extension,59,1.0,3,True,F-ALL14,logistic_regression,train_oof
13,mendeley-S013-wrist_flexion-R02,wrist_flexion,wrist_flexion,59,0.6101694915254238,3,True,F-ALL14,logistic_regression,train_oof
13,mendeley-S013-grip-R02,hand_close,wrist_flexion,59,0.7288135593220338,3,False,F-ALL14,logistic_regression,train_oof
13,mendeley-S013-rest-R03,rest,rest,59,0.9491525423728814,3,True,F-ALL14,logistic_regression,train_oof
13,mendeley-S013-wrist_extension-R03,wrist_extension,wrist_extension,59,0.9661016949152542,3,True,F-ALL14,logistic_regression,train_oof
13,mendeley-S013-wrist_flexion-R03,wrist_flexion,rest,59,0.8813559322033898,3,False,F-ALL14,logistic_regression,train_oof
13,mendeley-S013-grip-R03,hand_close,rest,59,0.3898305084745763,3,False,F-ALL14,logistic_regression,train_oof
13,mendeley-S013-rest-R04,rest,rest,59,1.0,3,True,F-ALL14,logistic_regression,train_oof
13,mendeley-S013-wrist_extension-R04,wrist_extension,wrist_extension,59,0.9830508474576272,3,True,F-ALL14,logistic_regression,train_oof
13,mendeley-S013-wrist_flexion-R04,wrist_flexion,rest,59,0.5423728813559322,3,False,F-ALL14,logistic_regression,train_oof
13,mendeley-S013-grip-R04,hand_close,rest,59,0.9152542372881356,3,False,F-ALL14,logistic_regression,train_oof
13,mendeley-S013-rest-R05,rest,rest,59,1.0,3,True,F-ALL14,logistic_regression,train_oof
13,mendeley-S013-wrist_extension-R05,wrist_extension,wrist_extension,59,1.0,3,True,F-ALL14,logistic_regression,train_oof
13,mendeley-S013-wrist_flexion-R05,wrist_flexion,rest,59,0.8135593220338984,3,False,F-ALL14,logistic_regression,train_oof
13,mendeley-S013-grip-R05,hand_close,rest,59,0.711864406779661,3,False,F-ALL14,logistic_regression,train_oof
14,mendeley-S014-rest-R01,rest,rest,59,0.5932203389830508,4,True,F-ALL14,logistic_regression,train_oof
14,mendeley-S014-wrist_extension-R01,wrist_extension,wrist_extension,59,0.9491525423728814,4,True,F-ALL14,logistic_regression,train_oof
14,mendeley-S014-wrist_flexion-R01,wrist_flexion,hand_close,59,0.9491525423728814,4,False,F-ALL14,logistic_regression,train_oof
14,mendeley-S014-grip-R01,hand_close,hand_close,59,1.0,4,True,F-ALL14,logistic_regression,train_oof
14,mendeley-S014-rest-R02,rest,hand_close,59,0.7796610169491526,4,False,F-ALL14,logistic_regression,train_oof
14,mendeley-S014-wrist_extension-R02,wrist_extension,wrist_extension,59,0.9661016949152542,4,True,F-ALL14,logistic_regression,train_oof
14,mendeley-S014-wrist_flexion-R02,wrist_flexion,hand_close,59,0.6440677966101694,4,False,F-ALL14,logistic_regression,train_oof
14,mendeley-S014-grip-R02,hand_close,hand_close,59,1.0,4,True,F-ALL14,logistic_regression,train_oof
14,mendeley-S014-rest-R03,rest,hand_close,59,0.7627118644067796,4,False,F-ALL14,logistic_regression,train_oof
14,mendeley-S014-wrist_extension-R03,wrist_extension,wrist_extension,59,0.9830508474576272,4,True,F-ALL14,logistic_regression,train_oof
14,mendeley-S014-wrist_flexion-R03,wrist_flexion,hand_close,59,0.9322033898305084,4,False,F-ALL14,logistic_regression,train_oof
14,mendeley-S014-grip-R03,hand_close,hand_close,59,1.0,4,True,F-ALL14,logistic_regression,train_oof
14,mendeley-S014-rest-R04,rest,hand_close,59,0.6949152542372882,4,False,F-ALL14,logistic_regression,train_oof
14,mendeley-S014-wrist_extension-R04,wrist_extension,wrist_extension,59,0.9661016949152542,4,True,F-ALL14,logistic_regression,train_oof
14,mendeley-S014-wrist_flexion-R04,wrist_flexion,hand_close,59,0.8305084745762712,4,False,F-ALL14,logistic_regression,train_oof
14,mendeley-S014-grip-R04,hand_close,hand_close,59,1.0,4,True,F-ALL14,logistic_regression,train_oof
14,mendeley-S014-rest-R05,rest,hand_close,59,0.6610169491525424,4,False,F-ALL14,logistic_regression,train_oof
14,mendeley-S014-wrist_extension-R05,wrist_extension,wrist_extension,59,0.9661016949152542,4,True,F-ALL14,logistic_regression,train_oof
14,mendeley-S014-wrist_flexion-R05,wrist_flexion,hand_close,59,0.6949152542372882,4,False,F-ALL14,logistic_regression,train_oof
14,mendeley-S014-grip-R05,hand_close,hand_close,59,1.0,4,True,F-ALL14,logistic_regression,train_oof
16,mendeley-S016-rest-R01,rest,rest,59,0.864406779661017,0,True,F-ALL14,logistic_regression,train_oof
16,mendeley-S016-wrist_extension-R01,wrist_extension,wrist_extension,59,0.8983050847457628,0,True,F-ALL14,logistic_regression,train_oof
16,mendeley-S016-wrist_flexion-R01,wrist_flexion,wrist_flexion,59,0.6101694915254238,0,True,F-ALL14,logistic_regression,train_oof
16,mendeley-S016-grip-R01,hand_close,hand_close,59,0.9830508474576272,0,True,F-ALL14,logistic_regression,train_oof
16,mendeley-S016-rest-R02,rest,rest,59,0.864406779661017,0,True,F-ALL14,logistic_regression,train_oof
16,mendeley-S016-wrist_extension-R02,wrist_extension,wrist_extension,59,0.9322033898305084,0,True,F-ALL14,logistic_regression,train_oof
16,mendeley-S016-wrist_flexion-R02,wrist_flexion,wrist_flexion,59,0.864406779661017,0,True,F-ALL14,logistic_regression,train_oof
16,mendeley-S016-grip-R02,hand_close,hand_close,59,0.9152542372881356,0,True,F-ALL14,logistic_regression,train_oof
16,mendeley-S016-rest-R03,rest,rest,59,0.9830508474576272,0,True,F-ALL14,logistic_regression,train_oof
16,mendeley-S016-wrist_extension-R03,wrist_extension,wrist_extension,59,0.9322033898305084,0,True,F-ALL14,logistic_regression,train_oof
16,mendeley-S016-wrist_flexion-R03,wrist_flexion,wrist_flexion,59,0.9152542372881356,0,True,F-ALL14,logistic_regression,train_oof
16,mendeley-S016-grip-R03,hand_close,hand_close,59,0.9152542372881356,0,True,F-ALL14,logistic_regression,train_oof
16,mendeley-S016-rest-R04,rest,rest,59,1.0,0,True,F-ALL14,logistic_regression,train_oof
16,mendeley-S016-wrist_extension-R04,wrist_extension,wrist_extension,59,0.9661016949152542,0,True,F-ALL14,logistic_regression,train_oof
16,mendeley-S016-wrist_flexion-R04,wrist_flexion,wrist_flexion,59,0.9152542372881356,0,True,F-ALL14,logistic_regression,train_oof
16,mendeley-S016-grip-R04,hand_close,hand_close,59,0.9322033898305084,0,True,F-ALL14,logistic_regression,train_oof
16,mendeley-S016-rest-R05,rest,rest,59,0.9322033898305084,0,True,F-ALL14,logistic_regression,train_oof
16,mendeley-S016-wrist_extension-R05,wrist_extension,wrist_extension,59,0.9661016949152542,0,True,F-ALL14,logistic_regression,train_oof
16,mendeley-S016-wrist_flexion-R05,wrist_flexion,wrist_flexion,59,0.9830508474576272,0,True,F-ALL14,logistic_regression,train_oof
16,mendeley-S016-grip-R05,hand_close,hand_close,59,1.0,0,True,F-ALL14,logistic_regression,train_oof
17,mendeley-S017-rest-R01,rest,rest,59,0.576271186440678,1,True,F-ALL14,logistic_regression,train_oof
17,mendeley-S017-wrist_extension-R01,wrist_extension,wrist_extension,59,1.0,1,True,F-ALL14,logistic_regression,train_oof
17,mendeley-S017-wrist_flexion-R01,wrist_flexion,wrist_flexion,59,0.3050847457627119,1,True,F-ALL14,logistic_regression,train_oof
17,mendeley-S017-grip-R01,hand_close,hand_close,59,0.8305084745762712,1,True,F-ALL14,logistic_regression,train_oof
17,mendeley-S017-rest-R02,rest,wrist_flexion,59,0.6610169491525424,1,False,F-ALL14,logistic_regression,train_oof
17,mendeley-S017-wrist_extension-R02,wrist_extension,wrist_extension,59,1.0,1,True,F-ALL14,logistic_regression,train_oof
17,mendeley-S017-wrist_flexion-R02,wrist_flexion,wrist_flexion,59,0.3728813559322034,1,True,F-ALL14,logistic_regression,train_oof
17,mendeley-S017-grip-R02,hand_close,hand_close,59,0.7288135593220338,1,True,F-ALL14,logistic_regression,train_oof
17,mendeley-S017-rest-R03,rest,rest,59,0.4067796610169492,1,True,F-ALL14,logistic_regression,train_oof
17,mendeley-S017-wrist_extension-R03,wrist_extension,wrist_extension,59,1.0,1,True,F-ALL14,logistic_regression,train_oof
17,mendeley-S017-wrist_flexion-R03,wrist_flexion,wrist_flexion,59,0.3898305084745763,1,True,F-ALL14,logistic_regression,train_oof
17,mendeley-S017-grip-R03,hand_close,hand_close,59,0.864406779661017,1,True,F-ALL14,logistic_regression,train_oof
17,mendeley-S017-rest-R04,rest,rest,59,0.8305084745762712,1,True,F-ALL14,logistic_regression,train_oof
17,mendeley-S017-wrist_extension-R04,wrist_extension,wrist_extension,59,1.0,1,True,F-ALL14,logistic_regression,train_oof
17,mendeley-S017-wrist_flexion-R04,wrist_flexion,wrist_flexion,59,0.5932203389830508,1,True,F-ALL14,logistic_regression,train_oof
17,mendeley-S017-grip-R04,hand_close,hand_close,59,0.9830508474576272,1,True,F-ALL14,logistic_regression,train_oof
17,mendeley-S017-rest-R05,rest,rest,59,0.9152542372881356,1,True,F-ALL14,logistic_regression,train_oof
17,mendeley-S017-wrist_extension-R05,wrist_extension,wrist_extension,59,1.0,1,True,F-ALL14,logistic_regression,train_oof
17,mendeley-S017-wrist_flexion-R05,wrist_flexion,wrist_flexion,59,0.6271186440677966,1,True,F-ALL14,logistic_regression,train_oof
17,mendeley-S017-grip-R05,hand_close,hand_close,59,0.9661016949152542,1,True,F-ALL14,logistic_regression,train_oof
18,mendeley-S018-rest-R01,rest,wrist_flexion,59,0.4406779661016949,2,False,F-ALL14,logistic_regression,train_oof
18,mendeley-S018-wrist_extension-R01,wrist_extension,wrist_extension,59,1.0,2,True,F-ALL14,logistic_regression,train_oof
18,mendeley-S018-wrist_flexion-R01,wrist_flexion,rest,59,0.4067796610169492,2,False,F-ALL14,logistic_regression,train_oof
18,mendeley-S018-grip-R01,hand_close,hand_close,59,0.6610169491525424,2,True,F-ALL14,logistic_regression,train_oof
18,mendeley-S018-rest-R02,rest,hand_close,59,0.6440677966101694,2,False,F-ALL14,logistic_regression,train_oof
18,mendeley-S018-wrist_extension-R02,wrist_extension,wrist_extension,59,0.9830508474576272,2,True,F-ALL14,logistic_regression,train_oof
18,mendeley-S018-wrist_flexion-R02,wrist_flexion,hand_close,59,0.4745762711864407,2,False,F-ALL14,logistic_regression,train_oof
18,mendeley-S018-grip-R02,hand_close,rest,59,0.6779661016949152,2,False,F-ALL14,logistic_regression,train_oof
18,mendeley-S018-rest-R03,rest,hand_close,59,0.6101694915254238,2,False,F-ALL14,logistic_regression,train_oof
18,mendeley-S018-wrist_extension-R03,wrist_extension,wrist_extension,59,0.9661016949152542,2,True,F-ALL14,logistic_regression,train_oof
18,mendeley-S018-wrist_flexion-R03,wrist_flexion,rest,59,0.5932203389830508,2,False,F-ALL14,logistic_regression,train_oof
18,mendeley-S018-grip-R03,hand_close,hand_close,59,0.711864406779661,2,True,F-ALL14,logistic_regression,train_oof
18,mendeley-S018-rest-R04,rest,hand_close,59,0.5423728813559322,2,False,F-ALL14,logistic_regression,train_oof
18,mendeley-S018-wrist_extension-R04,wrist_extension,wrist_extension,59,0.9491525423728814,2,True,F-ALL14,logistic_regression,train_oof
18,mendeley-S018-wrist_flexion-R04,wrist_flexion,wrist_flexion,59,0.4915254237288136,2,True,F-ALL14,logistic_regression,train_oof
18,mendeley-S018-grip-R04,hand_close,hand_close,59,0.576271186440678,2,True,F-ALL14,logistic_regression,train_oof
18,mendeley-S018-rest-R05,rest,rest,59,0.4915254237288136,2,True,F-ALL14,logistic_regression,train_oof
18,mendeley-S018-wrist_extension-R05,wrist_extension,wrist_extension,59,0.9661016949152542,2,True,F-ALL14,logistic_regression,train_oof
18,mendeley-S018-wrist_flexion-R05,wrist_flexion,rest,59,0.4406779661016949,2,False,F-ALL14,logistic_regression,train_oof
18,mendeley-S018-grip-R05,hand_close,hand_close,59,0.7796610169491526,2,True,F-ALL14,logistic_regression,train_oof
19,mendeley-S019-rest-R01,rest,rest,59,0.7457627118644068,3,True,F-ALL14,logistic_regression,train_oof
19,mendeley-S019-wrist_extension-R01,wrist_extension,wrist_extension,59,0.9152542372881356,3,True,F-ALL14,logistic_regression,train_oof
19,mendeley-S019-wrist_flexion-R01,wrist_flexion,wrist_flexion,59,0.8305084745762712,3,True,F-ALL14,logistic_regression,train_oof
19,mendeley-S019-grip-R01,hand_close,hand_close,59,0.5932203389830508,3,True,F-ALL14,logistic_regression,train_oof
19,mendeley-S019-rest-R02,rest,rest,59,0.847457627118644,3,True,F-ALL14,logistic_regression,train_oof
19,mendeley-S019-wrist_extension-R02,wrist_extension,wrist_extension,59,0.9322033898305084,3,True,F-ALL14,logistic_regression,train_oof
19,mendeley-S019-wrist_flexion-R02,wrist_flexion,wrist_flexion,59,0.9661016949152542,3,True,F-ALL14,logistic_regression,train_oof
19,mendeley-S019-grip-R02,hand_close,wrist_flexion,59,0.6949152542372882,3,False,F-ALL14,logistic_regression,train_oof
19,mendeley-S019-rest-R03,rest,rest,59,0.9830508474576272,3,True,F-ALL14,logistic_regression,train_oof
19,mendeley-S019-wrist_extension-R03,wrist_extension,wrist_extension,59,0.9661016949152542,3,True,F-ALL14,logistic_regression,train_oof
19,mendeley-S019-wrist_flexion-R03,wrist_flexion,wrist_flexion,59,0.9661016949152542,3,True,F-ALL14,logistic_regression,train_oof
19,mendeley-S019-grip-R03,hand_close,hand_close,59,0.8983050847457628,3,True,F-ALL14,logistic_regression,train_oof
19,mendeley-S019-rest-R04,rest,rest,59,1.0,3,True,F-ALL14,logistic_regression,train_oof
19,mendeley-S019-wrist_extension-R04,wrist_extension,wrist_extension,59,1.0,3,True,F-ALL14,logistic_regression,train_oof
19,mendeley-S019-wrist_flexion-R04,wrist_flexion,wrist_flexion,59,0.9661016949152542,3,True,F-ALL14,logistic_regression,train_oof
19,mendeley-S019-grip-R04,hand_close,hand_close,59,0.8813559322033898,3,True,F-ALL14,logistic_regression,train_oof
19,mendeley-S019-rest-R05,rest,rest,59,0.4915254237288136,3,True,F-ALL14,logistic_regression,train_oof
19,mendeley-S019-wrist_extension-R05,wrist_extension,wrist_extension,59,0.9491525423728814,3,True,F-ALL14,logistic_regression,train_oof
19,mendeley-S019-wrist_flexion-R05,wrist_flexion,wrist_flexion,59,0.8813559322033898,3,True,F-ALL14,logistic_regression,train_oof
19,mendeley-S019-grip-R05,hand_close,hand_close,59,0.5254237288135594,3,True,F-ALL14,logistic_regression,train_oof
20,mendeley-S020-rest-R01,rest,wrist_flexion,59,0.5084745762711864,0,False,F-ALL14,logistic_regression,train_oof
20,mendeley-S020-wrist_extension-R01,wrist_extension,wrist_extension,59,0.9152542372881356,0,True,F-ALL14,logistic_regression,train_oof
20,mendeley-S020-wrist_flexion-R01,wrist_flexion,wrist_flexion,59,0.9491525423728814,0,True,F-ALL14,logistic_regression,train_oof
20,mendeley-S020-grip-R01,hand_close,hand_close,59,0.4915254237288136,0,True,F-ALL14,logistic_regression,train_oof
20,mendeley-S020-rest-R02,rest,rest,59,0.8305084745762712,0,True,F-ALL14,logistic_regression,train_oof
20,mendeley-S020-wrist_extension-R02,wrist_extension,wrist_extension,59,0.9491525423728814,0,True,F-ALL14,logistic_regression,train_oof
20,mendeley-S020-wrist_flexion-R02,wrist_flexion,wrist_flexion,59,0.9830508474576272,0,True,F-ALL14,logistic_regression,train_oof
20,mendeley-S020-grip-R02,hand_close,hand_close,59,0.8983050847457628,0,True,F-ALL14,logistic_regression,train_oof
20,mendeley-S020-rest-R03,rest,wrist_flexion,59,0.8983050847457628,0,False,F-ALL14,logistic_regression,train_oof
20,mendeley-S020-wrist_extension-R03,wrist_extension,wrist_extension,59,0.9661016949152542,0,True,F-ALL14,logistic_regression,train_oof
20,mendeley-S020-wrist_flexion-R03,wrist_flexion,wrist_flexion,59,0.9491525423728814,0,True,F-ALL14,logistic_regression,train_oof
20,mendeley-S020-grip-R03,hand_close,hand_close,59,0.6101694915254238,0,True,F-ALL14,logistic_regression,train_oof
20,mendeley-S020-rest-R04,rest,hand_close,59,0.5254237288135594,0,False,F-ALL14,logistic_regression,train_oof
20,mendeley-S020-wrist_extension-R04,wrist_extension,wrist_extension,59,1.0,0,True,F-ALL14,logistic_regression,train_oof
20,mendeley-S020-wrist_flexion-R04,wrist_flexion,wrist_flexion,59,0.9661016949152542,0,True,F-ALL14,logistic_regression,train_oof
20,mendeley-S020-grip-R04,hand_close,hand_close,59,0.8135593220338984,0,True,F-ALL14,logistic_regression,train_oof
20,mendeley-S020-rest-R05,rest,wrist_flexion,59,0.5932203389830508,0,False,F-ALL14,logistic_regression,train_oof
20,mendeley-S020-wrist_extension-R05,wrist_extension,wrist_extension,59,0.9661016949152542,0,True,F-ALL14,logistic_regression,train_oof
20,mendeley-S020-wrist_flexion-R05,wrist_flexion,wrist_flexion,59,0.8983050847457628,0,True,F-ALL14,logistic_regression,train_oof
20,mendeley-S020-grip-R05,hand_close,hand_close,59,0.6949152542372882,0,True,F-ALL14,logistic_regression,train_oof
22,mendeley-S022-rest-R01,rest,rest,59,0.7457627118644068,1,True,F-ALL14,logistic_regression,train_oof
22,mendeley-S022-wrist_extension-R01,wrist_extension,wrist_extension,59,1.0,1,True,F-ALL14,logistic_regression,train_oof
22,mendeley-S022-wrist_flexion-R01,wrist_flexion,wrist_flexion,59,0.8135593220338984,1,True,F-ALL14,logistic_regression,train_oof
22,mendeley-S022-grip-R01,hand_close,hand_close,59,0.5423728813559322,1,True,F-ALL14,logistic_regression,train_oof
22,mendeley-S022-rest-R02,rest,rest,59,0.9661016949152542,1,True,F-ALL14,logistic_regression,train_oof
22,mendeley-S022-wrist_extension-R02,wrist_extension,wrist_extension,59,0.9661016949152542,1,True,F-ALL14,logistic_regression,train_oof
22,mendeley-S022-wrist_flexion-R02,wrist_flexion,wrist_flexion,59,0.576271186440678,1,True,F-ALL14,logistic_regression,train_oof
22,mendeley-S022-grip-R02,hand_close,hand_close,59,0.8813559322033898,1,True,F-ALL14,logistic_regression,train_oof
22,mendeley-S022-rest-R03,rest,rest,59,0.9661016949152542,1,True,F-ALL14,logistic_regression,train_oof
22,mendeley-S022-wrist_extension-R03,wrist_extension,wrist_extension,59,1.0,1,True,F-ALL14,logistic_regression,train_oof
22,mendeley-S022-wrist_flexion-R03,wrist_flexion,wrist_flexion,59,0.8813559322033898,1,True,F-ALL14,logistic_regression,train_oof
22,mendeley-S022-grip-R03,hand_close,hand_close,59,0.8983050847457628,1,True,F-ALL14,logistic_regression,train_oof
22,mendeley-S022-rest-R04,rest,rest,59,0.7966101694915254,1,True,F-ALL14,logistic_regression,train_oof
22,mendeley-S022-wrist_extension-R04,wrist_extension,wrist_extension,59,1.0,1,True,F-ALL14,logistic_regression,train_oof
22,mendeley-S022-wrist_flexion-R04,wrist_flexion,wrist_flexion,59,0.847457627118644,1,True,F-ALL14,logistic_regression,train_oof
22,mendeley-S022-grip-R04,hand_close,hand_close,59,0.8813559322033898,1,True,F-ALL14,logistic_regression,train_oof
22,mendeley-S022-rest-R05,rest,rest,59,0.864406779661017,1,True,F-ALL14,logistic_regression,train_oof
22,mendeley-S022-wrist_extension-R05,wrist_extension,wrist_extension,59,1.0,1,True,F-ALL14,logistic_regression,train_oof
22,mendeley-S022-wrist_flexion-R05,wrist_flexion,wrist_flexion,59,0.8813559322033898,1,True,F-ALL14,logistic_regression,train_oof
22,mendeley-S022-grip-R05,hand_close,hand_close,59,0.9322033898305084,1,True,F-ALL14,logistic_regression,train_oof
24,mendeley-S024-rest-R01,rest,rest,59,0.9830508474576272,2,True,F-ALL14,logistic_regression,train_oof
24,mendeley-S024-wrist_extension-R01,wrist_extension,wrist_extension,59,1.0,2,True,F-ALL14,logistic_regression,train_oof
24,mendeley-S024-wrist_flexion-R01,wrist_flexion,rest,59,0.7457627118644068,2,False,F-ALL14,logistic_regression,train_oof
24,mendeley-S024-grip-R01,hand_close,hand_close,59,0.5084745762711864,2,True,F-ALL14,logistic_regression,train_oof
24,mendeley-S024-rest-R02,rest,rest,59,1.0,2,True,F-ALL14,logistic_regression,train_oof
24,mendeley-S024-wrist_extension-R02,wrist_extension,wrist_extension,59,1.0,2,True,F-ALL14,logistic_regression,train_oof
24,mendeley-S024-wrist_flexion-R02,wrist_flexion,rest,59,0.7627118644067796,2,False,F-ALL14,logistic_regression,train_oof
24,mendeley-S024-grip-R02,hand_close,hand_close,59,0.7796610169491526,2,True,F-ALL14,logistic_regression,train_oof
24,mendeley-S024-rest-R03,rest,rest,59,0.9830508474576272,2,True,F-ALL14,logistic_regression,train_oof
24,mendeley-S024-wrist_extension-R03,wrist_extension,wrist_extension,59,1.0,2,True,F-ALL14,logistic_regression,train_oof
24,mendeley-S024-wrist_flexion-R03,wrist_flexion,rest,59,0.7966101694915254,2,False,F-ALL14,logistic_regression,train_oof
24,mendeley-S024-grip-R03,hand_close,hand_close,59,0.4915254237288136,2,True,F-ALL14,logistic_regression,train_oof
24,mendeley-S024-rest-R04,rest,rest,59,0.9830508474576272,2,True,F-ALL14,logistic_regression,train_oof
24,mendeley-S024-wrist_extension-R04,wrist_extension,wrist_extension,59,0.9830508474576272,2,True,F-ALL14,logistic_regression,train_oof
24,mendeley-S024-wrist_flexion-R04,wrist_flexion,rest,59,0.7796610169491526,2,False,F-ALL14,logistic_regression,train_oof
24,mendeley-S024-grip-R04,hand_close,hand_close,59,0.5932203389830508,2,True,F-ALL14,logistic_regression,train_oof
24,mendeley-S024-rest-R05,rest,rest,59,0.9491525423728814,2,True,F-ALL14,logistic_regression,train_oof
24,mendeley-S024-wrist_extension-R05,wrist_extension,wrist_extension,59,0.9830508474576272,2,True,F-ALL14,logistic_regression,train_oof
24,mendeley-S024-wrist_flexion-R05,wrist_flexion,rest,59,0.847457627118644,2,False,F-ALL14,logistic_regression,train_oof
24,mendeley-S024-grip-R05,hand_close,hand_close,59,0.5423728813559322,2,True,F-ALL14,logistic_regression,train_oof
26,mendeley-S026-rest-R01,rest,wrist_flexion,59,0.7627118644067796,3,False,F-ALL14,logistic_regression,train_oof
26,mendeley-S026-wrist_extension-R01,wrist_extension,wrist_extension,59,0.9830508474576272,3,True,F-ALL14,logistic_regression,train_oof
26,mendeley-S026-wrist_flexion-R01,wrist_flexion,wrist_flexion,59,0.4915254237288136,3,True,F-ALL14,logistic_regression,train_oof
26,mendeley-S026-grip-R01,hand_close,hand_close,59,0.9830508474576272,3,True,F-ALL14,logistic_regression,train_oof
26,mendeley-S026-rest-R02,rest,rest,59,0.5084745762711864,3,True,F-ALL14,logistic_regression,train_oof
26,mendeley-S026-wrist_extension-R02,wrist_extension,wrist_extension,59,0.9661016949152542,3,True,F-ALL14,logistic_regression,train_oof
26,mendeley-S026-wrist_flexion-R02,wrist_flexion,hand_close,59,0.5084745762711864,3,False,F-ALL14,logistic_regression,train_oof
26,mendeley-S026-grip-R02,hand_close,hand_close,59,1.0,3,True,F-ALL14,logistic_regression,train_oof
26,mendeley-S026-rest-R03,rest,rest,59,0.6610169491525424,3,True,F-ALL14,logistic_regression,train_oof
26,mendeley-S026-wrist_extension-R03,wrist_extension,wrist_extension,59,1.0,3,True,F-ALL14,logistic_regression,train_oof
26,mendeley-S026-wrist_flexion-R03,wrist_flexion,wrist_flexion,59,0.4745762711864407,3,True,F-ALL14,logistic_regression,train_oof
26,mendeley-S026-grip-R03,hand_close,hand_close,59,0.8305084745762712,3,True,F-ALL14,logistic_regression,train_oof
26,mendeley-S026-rest-R04,rest,rest,59,0.711864406779661,3,True,F-ALL14,logistic_regression,train_oof
26,mendeley-S026-wrist_extension-R04,wrist_extension,wrist_extension,59,1.0,3,True,F-ALL14,logistic_regression,train_oof
26,mendeley-S026-wrist_flexion-R04,wrist_flexion,wrist_flexion,59,0.5254237288135594,3,True,F-ALL14,logistic_regression,train_oof
26,mendeley-S026-grip-R04,hand_close,hand_close,59,0.8813559322033898,3,True,F-ALL14,logistic_regression,train_oof
26,mendeley-S026-rest-R05,rest,rest,59,1.0,3,True,F-ALL14,logistic_regression,train_oof
26,mendeley-S026-wrist_extension-R05,wrist_extension,wrist_extension,59,0.9661016949152542,3,True,F-ALL14,logistic_regression,train_oof
26,mendeley-S026-wrist_flexion-R05,wrist_flexion,wrist_flexion,59,0.6440677966101694,3,True,F-ALL14,logistic_regression,train_oof
26,mendeley-S026-grip-R05,hand_close,hand_close,59,0.5932203389830508,3,True,F-ALL14,logistic_regression,train_oof
27,mendeley-S027-rest-R01,rest,rest,59,0.8813559322033898,4,True,F-ALL14,logistic_regression,train_oof
27,mendeley-S027-wrist_extension-R01,wrist_extension,wrist_extension,59,0.9830508474576272,4,True,F-ALL14,logistic_regression,train_oof
27,mendeley-S027-wrist_flexion-R01,wrist_flexion,rest,59,0.6610169491525424,4,False,F-ALL14,logistic_regression,train_oof
27,mendeley-S027-grip-R01,hand_close,hand_close,59,0.8813559322033898,4,True,F-ALL14,logistic_regression,train_oof
27,mendeley-S027-rest-R02,rest,rest,59,0.9152542372881356,4,True,F-ALL14,logistic_regression,train_oof
27,mendeley-S027-wrist_extension-R02,wrist_extension,wrist_extension,59,1.0,4,True,F-ALL14,logistic_regression,train_oof
27,mendeley-S027-wrist_flexion-R02,wrist_flexion,wrist_flexion,59,0.6949152542372882,4,True,F-ALL14,logistic_regression,train_oof
27,mendeley-S027-grip-R02,hand_close,hand_close,59,0.7627118644067796,4,True,F-ALL14,logistic_regression,train_oof
27,mendeley-S027-rest-R03,rest,rest,59,0.9152542372881356,4,True,F-ALL14,logistic_regression,train_oof
27,mendeley-S027-wrist_extension-R03,wrist_extension,wrist_extension,59,0.9491525423728814,4,True,F-ALL14,logistic_regression,train_oof
27,mendeley-S027-wrist_flexion-R03,wrist_flexion,wrist_flexion,59,1.0,4,True,F-ALL14,logistic_regression,train_oof
27,mendeley-S027-grip-R03,hand_close,hand_close,59,0.9322033898305084,4,True,F-ALL14,logistic_regression,train_oof
27,mendeley-S027-rest-R04,rest,rest,59,0.5084745762711864,4,True,F-ALL14,logistic_regression,train_oof
27,mendeley-S027-wrist_extension-R04,wrist_extension,wrist_extension,59,0.9661016949152542,4,True,F-ALL14,logistic_regression,train_oof
27,mendeley-S027-wrist_flexion-R04,wrist_flexion,wrist_flexion,59,0.8135593220338984,4,True,F-ALL14,logistic_regression,train_oof
27,mendeley-S027-grip-R04,hand_close,hand_close,59,0.9661016949152542,4,True,F-ALL14,logistic_regression,train_oof
27,mendeley-S027-rest-R05,rest,rest,59,0.9830508474576272,4,True,F-ALL14,logistic_regression,train_oof
27,mendeley-S027-wrist_extension-R05,wrist_extension,wrist_extension,59,0.9491525423728814,4,True,F-ALL14,logistic_regression,train_oof
27,mendeley-S027-wrist_flexion-R05,wrist_flexion,wrist_flexion,59,0.7288135593220338,4,True,F-ALL14,logistic_regression,train_oof
27,mendeley-S027-grip-R05,hand_close,hand_close,59,0.864406779661017,4,True,F-ALL14,logistic_regression,train_oof
28,mendeley-S028-rest-R01,rest,rest,59,0.9322033898305084,0,True,F-ALL14,logistic_regression,train_oof
28,mendeley-S028-wrist_extension-R01,wrist_extension,wrist_extension,59,0.9661016949152542,0,True,F-ALL14,logistic_regression,train_oof
28,mendeley-S028-wrist_flexion-R01,wrist_flexion,hand_close,59,0.5084745762711864,0,False,F-ALL14,logistic_regression,train_oof
28,mendeley-S028-grip-R01,hand_close,hand_close,59,0.9661016949152542,0,True,F-ALL14,logistic_regression,train_oof
28,mendeley-S028-rest-R02,rest,rest,59,0.7457627118644068,0,True,F-ALL14,logistic_regression,train_oof
28,mendeley-S028-wrist_extension-R02,wrist_extension,wrist_extension,59,0.9661016949152542,0,True,F-ALL14,logistic_regression,train_oof
28,mendeley-S028-wrist_flexion-R02,wrist_flexion,hand_close,59,0.576271186440678,0,False,F-ALL14,logistic_regression,train_oof
28,mendeley-S028-grip-R02,hand_close,hand_close,59,1.0,0,True,F-ALL14,logistic_regression,train_oof
28,mendeley-S028-rest-R03,rest,rest,59,0.7288135593220338,0,True,F-ALL14,logistic_regression,train_oof
28,mendeley-S028-wrist_extension-R03,wrist_extension,wrist_extension,59,0.9491525423728814,0,True,F-ALL14,logistic_regression,train_oof
28,mendeley-S028-wrist_flexion-R03,wrist_flexion,wrist_flexion,59,0.6271186440677966,0,True,F-ALL14,logistic_regression,train_oof
28,mendeley-S028-grip-R03,hand_close,hand_close,59,1.0,0,True,F-ALL14,logistic_regression,train_oof
28,mendeley-S028-rest-R04,rest,rest,59,0.6779661016949152,0,True,F-ALL14,logistic_regression,train_oof
28,mendeley-S028-wrist_extension-R04,wrist_extension,wrist_extension,59,0.9491525423728814,0,True,F-ALL14,logistic_regression,train_oof
28,mendeley-S028-wrist_flexion-R04,wrist_flexion,hand_close,59,0.559322033898305,0,False,F-ALL14,logistic_regression,train_oof
28,mendeley-S028-grip-R04,hand_close,hand_close,59,1.0,0,True,F-ALL14,logistic_regression,train_oof
28,mendeley-S028-rest-R05,rest,rest,59,0.847457627118644,0,True,F-ALL14,logistic_regression,train_oof
28,mendeley-S028-wrist_extension-R05,wrist_extension,wrist_extension,59,1.0,0,True,F-ALL14,logistic_regression,train_oof
28,mendeley-S028-wrist_flexion-R05,wrist_flexion,hand_close,59,0.4576271186440678,0,False,F-ALL14,logistic_regression,train_oof
28,mendeley-S028-grip-R05,hand_close,hand_close,59,0.9830508474576272,0,True,F-ALL14,logistic_regression,train_oof
29,mendeley-S029-rest-R01,rest,rest,59,0.9830508474576272,1,True,F-ALL14,logistic_regression,train_oof
29,mendeley-S029-wrist_extension-R01,wrist_extension,wrist_extension,59,0.864406779661017,1,True,F-ALL14,logistic_regression,train_oof
29,mendeley-S029-wrist_flexion-R01,wrist_flexion,hand_close,59,0.6949152542372882,1,False,F-ALL14,logistic_regression,train_oof
29,mendeley-S029-grip-R01,hand_close,hand_close,59,0.6440677966101694,1,True,F-ALL14,logistic_regression,train_oof
29,mendeley-S029-rest-R02,rest,rest,59,0.847457627118644,1,True,F-ALL14,logistic_regression,train_oof
29,mendeley-S029-wrist_extension-R02,wrist_extension,wrist_extension,59,0.9491525423728814,1,True,F-ALL14,logistic_regression,train_oof
29,mendeley-S029-wrist_flexion-R02,wrist_flexion,hand_close,59,0.8813559322033898,1,False,F-ALL14,logistic_regression,train_oof
29,mendeley-S029-grip-R02,hand_close,hand_close,59,0.9322033898305084,1,True,F-ALL14,logistic_regression,train_oof
29,mendeley-S029-rest-R03,rest,rest,59,0.576271186440678,1,True,F-ALL14,logistic_regression,train_oof
29,mendeley-S029-wrist_extension-R03,wrist_extension,wrist_extension,59,0.9830508474576272,1,True,F-ALL14,logistic_regression,train_oof
29,mendeley-S029-wrist_flexion-R03,wrist_flexion,wrist_flexion,59,0.5423728813559322,1,True,F-ALL14,logistic_regression,train_oof
29,mendeley-S029-grip-R03,hand_close,hand_close,59,0.9152542372881356,1,True,F-ALL14,logistic_regression,train_oof
29,mendeley-S029-rest-R04,rest,rest,59,0.5932203389830508,1,True,F-ALL14,logistic_regression,train_oof
29,mendeley-S029-wrist_extension-R04,wrist_extension,wrist_extension,59,0.9661016949152542,1,True,F-ALL14,logistic_regression,train_oof
29,mendeley-S029-wrist_flexion-R04,wrist_flexion,hand_close,59,0.6440677966101694,1,False,F-ALL14,logistic_regression,train_oof
29,mendeley-S029-grip-R04,hand_close,hand_close,59,0.9830508474576272,1,True,F-ALL14,logistic_regression,train_oof
29,mendeley-S029-rest-R05,rest,rest,59,0.6440677966101694,1,True,F-ALL14,logistic_regression,train_oof
29,mendeley-S029-wrist_extension-R05,wrist_extension,wrist_extension,59,0.9830508474576272,1,True,F-ALL14,logistic_regression,train_oof
29,mendeley-S029-wrist_flexion-R05,wrist_flexion,hand_close,59,0.6101694915254238,1,False,F-ALL14,logistic_regression,train_oof
29,mendeley-S029-grip-R05,hand_close,hand_close,59,0.9661016949152542,1,True,F-ALL14,logistic_regression,train_oof
30,mendeley-S030-rest-R01,rest,rest,59,0.9830508474576272,3,True,F-ALL14,logistic_regression,train_oof
30,mendeley-S030-wrist_extension-R01,wrist_extension,wrist_extension,59,0.9491525423728814,3,True,F-ALL14,logistic_regression,train_oof
30,mendeley-S030-wrist_flexion-R01,wrist_flexion,wrist_flexion,59,0.6949152542372882,3,True,F-ALL14,logistic_regression,train_oof
30,mendeley-S030-grip-R01,hand_close,hand_close,59,0.8305084745762712,3,True,F-ALL14,logistic_regression,train_oof
30,mendeley-S030-rest-R02,rest,rest,59,1.0,3,True,F-ALL14,logistic_regression,train_oof
30,mendeley-S030-wrist_extension-R02,wrist_extension,wrist_extension,59,0.9661016949152542,3,True,F-ALL14,logistic_regression,train_oof
30,mendeley-S030-wrist_flexion-R02,wrist_flexion,wrist_flexion,59,0.9322033898305084,3,True,F-ALL14,logistic_regression,train_oof
30,mendeley-S030-grip-R02,hand_close,hand_close,59,0.8983050847457628,3,True,F-ALL14,logistic_regression,train_oof
30,mendeley-S030-rest-R03,rest,rest,59,0.9661016949152542,3,True,F-ALL14,logistic_regression,train_oof
30,mendeley-S030-wrist_extension-R03,wrist_extension,wrist_extension,59,1.0,3,True,F-ALL14,logistic_regression,train_oof
30,mendeley-S030-wrist_flexion-R03,wrist_flexion,wrist_flexion,59,0.7288135593220338,3,True,F-ALL14,logistic_regression,train_oof
30,mendeley-S030-grip-R03,hand_close,hand_close,59,0.9830508474576272,3,True,F-ALL14,logistic_regression,train_oof
30,mendeley-S030-rest-R04,rest,rest,59,1.0,3,True,F-ALL14,logistic_regression,train_oof
30,mendeley-S030-wrist_extension-R04,wrist_extension,wrist_extension,59,1.0,3,True,F-ALL14,logistic_regression,train_oof
30,mendeley-S030-wrist_flexion-R04,wrist_flexion,wrist_flexion,59,0.9322033898305084,3,True,F-ALL14,logistic_regression,train_oof
30,mendeley-S030-grip-R04,hand_close,hand_close,59,1.0,3,True,F-ALL14,logistic_regression,train_oof
30,mendeley-S030-rest-R05,rest,rest,59,0.8305084745762712,3,True,F-ALL14,logistic_regression,train_oof
30,mendeley-S030-wrist_extension-R05,wrist_extension,wrist_extension,59,1.0,3,True,F-ALL14,logistic_regression,train_oof
30,mendeley-S030-wrist_flexion-R05,wrist_flexion,rest,59,0.5254237288135594,3,False,F-ALL14,logistic_regression,train_oof
30,mendeley-S030-grip-R05,hand_close,hand_close,59,0.9830508474576272,3,True,F-ALL14,logistic_regression,train_oof
31,mendeley-S031-rest-R01,rest,hand_close,59,0.559322033898305,4,False,F-ALL14,logistic_regression,train_oof
31,mendeley-S031-wrist_extension-R01,wrist_extension,hand_close,59,0.5932203389830508,4,False,F-ALL14,logistic_regression,train_oof
31,mendeley-S031-wrist_flexion-R01,wrist_flexion,wrist_flexion,59,0.864406779661017,4,True,F-ALL14,logistic_regression,train_oof
31,mendeley-S031-grip-R01,hand_close,wrist_flexion,59,0.5254237288135594,4,False,F-ALL14,logistic_regression,train_oof
31,mendeley-S031-rest-R02,rest,wrist_flexion,59,0.7288135593220338,4,False,F-ALL14,logistic_regression,train_oof
31,mendeley-S031-wrist_extension-R02,wrist_extension,wrist_extension,59,0.6610169491525424,4,True,F-ALL14,logistic_regression,train_oof
31,mendeley-S031-wrist_flexion-R02,wrist_flexion,wrist_flexion,59,0.9152542372881356,4,True,F-ALL14,logistic_regression,train_oof
31,mendeley-S031-grip-R02,hand_close,wrist_flexion,59,0.4915254237288136,4,False,F-ALL14,logistic_regression,train_oof
31,mendeley-S031-rest-R03,rest,hand_close,59,0.5932203389830508,4,False,F-ALL14,logistic_regression,train_oof
31,mendeley-S031-wrist_extension-R03,wrist_extension,hand_close,59,0.4915254237288136,4,False,F-ALL14,logistic_regression,train_oof
31,mendeley-S031-wrist_flexion-R03,wrist_flexion,wrist_flexion,59,0.9322033898305084,4,True,F-ALL14,logistic_regression,train_oof
31,mendeley-S031-grip-R03,hand_close,wrist_flexion,59,0.7457627118644068,4,False,F-ALL14,logistic_regression,train_oof
31,mendeley-S031-rest-R04,rest,wrist_flexion,59,0.6271186440677966,4,False,F-ALL14,logistic_regression,train_oof
31,mendeley-S031-wrist_extension-R04,wrist_extension,wrist_flexion,59,0.3728813559322034,4,False,F-ALL14,logistic_regression,train_oof
31,mendeley-S031-wrist_flexion-R04,wrist_flexion,wrist_flexion,59,0.9152542372881356,4,True,F-ALL14,logistic_regression,train_oof
31,mendeley-S031-grip-R04,hand_close,wrist_flexion,59,0.7966101694915254,4,False,F-ALL14,logistic_regression,train_oof
31,mendeley-S031-rest-R05,rest,wrist_flexion,59,0.6610169491525424,4,False,F-ALL14,logistic_regression,train_oof
31,mendeley-S031-wrist_extension-R05,wrist_extension,wrist_extension,59,0.4067796610169492,4,True,F-ALL14,logistic_regression,train_oof
31,mendeley-S031-wrist_flexion-R05,wrist_flexion,wrist_flexion,59,0.9491525423728814,4,True,F-ALL14,logistic_regression,train_oof
31,mendeley-S031-grip-R05,hand_close,wrist_flexion,59,0.6949152542372882,4,False,F-ALL14,logistic_regression,train_oof
32,mendeley-S032-rest-R01,rest,rest,59,0.7966101694915254,0,True,F-ALL14,logistic_regression,train_oof
32,mendeley-S032-wrist_extension-R01,wrist_extension,wrist_extension,59,0.9830508474576272,0,True,F-ALL14,logistic_regression,train_oof
32,mendeley-S032-wrist_flexion-R01,wrist_flexion,wrist_flexion,59,0.6271186440677966,0,True,F-ALL14,logistic_regression,train_oof
32,mendeley-S032-grip-R01,hand_close,rest,59,0.7457627118644068,0,False,F-ALL14,logistic_regression,train_oof
32,mendeley-S032-rest-R02,rest,rest,59,0.7627118644067796,0,True,F-ALL14,logistic_regression,train_oof
32,mendeley-S032-wrist_extension-R02,wrist_extension,wrist_extension,59,1.0,0,True,F-ALL14,logistic_regression,train_oof
32,mendeley-S032-wrist_flexion-R02,wrist_flexion,wrist_flexion,59,0.6610169491525424,0,True,F-ALL14,logistic_regression,train_oof
32,mendeley-S032-grip-R02,hand_close,rest,59,0.8305084745762712,0,False,F-ALL14,logistic_regression,train_oof
32,mendeley-S032-rest-R03,rest,wrist_flexion,59,0.5932203389830508,0,False,F-ALL14,logistic_regression,train_oof
32,mendeley-S032-wrist_extension-R03,wrist_extension,wrist_extension,59,1.0,0,True,F-ALL14,logistic_regression,train_oof
32,mendeley-S032-wrist_flexion-R03,wrist_flexion,wrist_flexion,59,0.6101694915254238,0,True,F-ALL14,logistic_regression,train_oof
32,mendeley-S032-grip-R03,hand_close,rest,59,0.9661016949152542,0,False,F-ALL14,logistic_regression,train_oof
32,mendeley-S032-rest-R04,rest,rest,59,0.7966101694915254,0,True,F-ALL14,logistic_regression,train_oof
32,mendeley-S032-wrist_extension-R04,wrist_extension,wrist_extension,59,0.9322033898305084,0,True,F-ALL14,logistic_regression,train_oof
32,mendeley-S032-wrist_flexion-R04,wrist_flexion,hand_close,59,0.4745762711864407,0,False,F-ALL14,logistic_regression,train_oof
32,mendeley-S032-grip-R04,hand_close,rest,59,0.7966101694915254,0,False,F-ALL14,logistic_regression,train_oof
32,mendeley-S032-rest-R05,rest,rest,59,0.7288135593220338,0,True,F-ALL14,logistic_regression,train_oof
32,mendeley-S032-wrist_extension-R05,wrist_extension,wrist_extension,59,0.9661016949152542,0,True,F-ALL14,logistic_regression,train_oof
32,mendeley-S032-wrist_flexion-R05,wrist_flexion,wrist_flexion,59,0.5932203389830508,0,True,F-ALL14,logistic_regression,train_oof
32,mendeley-S032-grip-R05,hand_close,rest,59,0.7966101694915254,0,False,F-ALL14,logistic_regression,train_oof
33,mendeley-S033-rest-R01,rest,rest,59,1.0,4,True,F-ALL14,logistic_regression,train_oof
33,mendeley-S033-wrist_extension-R01,wrist_extension,wrist_extension,59,1.0,4,True,F-ALL14,logistic_regression,train_oof
33,mendeley-S033-wrist_flexion-R01,wrist_flexion,rest,59,0.9661016949152542,4,False,F-ALL14,logistic_regression,train_oof
33,mendeley-S033-grip-R01,hand_close,rest,59,0.864406779661017,4,False,F-ALL14,logistic_regression,train_oof
33,mendeley-S033-rest-R02,rest,rest,59,1.0,4,True,F-ALL14,logistic_regression,train_oof
33,mendeley-S033-wrist_extension-R02,wrist_extension,wrist_extension,59,1.0,4,True,F-ALL14,logistic_regression,train_oof
33,mendeley-S033-wrist_flexion-R02,wrist_flexion,rest,59,0.9322033898305084,4,False,F-ALL14,logistic_regression,train_oof
33,mendeley-S033-grip-R02,hand_close,rest,59,0.9152542372881356,4,False,F-ALL14,logistic_regression,train_oof
33,mendeley-S033-rest-R03,rest,rest,59,1.0,4,True,F-ALL14,logistic_regression,train_oof
33,mendeley-S033-wrist_extension-R03,wrist_extension,wrist_extension,59,1.0,4,True,F-ALL14,logistic_regression,train_oof
33,mendeley-S033-wrist_flexion-R03,wrist_flexion,rest,59,0.847457627118644,4,False,F-ALL14,logistic_regression,train_oof
33,mendeley-S033-grip-R03,hand_close,rest,59,0.9152542372881356,4,False,F-ALL14,logistic_regression,train_oof
33,mendeley-S033-rest-R04,rest,rest,59,1.0,4,True,F-ALL14,logistic_regression,train_oof
33,mendeley-S033-wrist_extension-R04,wrist_extension,wrist_extension,59,1.0,4,True,F-ALL14,logistic_regression,train_oof
33,mendeley-S033-wrist_flexion-R04,wrist_flexion,rest,59,0.9661016949152542,4,False,F-ALL14,logistic_regression,train_oof
33,mendeley-S033-grip-R04,hand_close,rest,59,0.7966101694915254,4,False,F-ALL14,logistic_regression,train_oof
33,mendeley-S033-rest-R05,rest,rest,59,1.0,4,True,F-ALL14,logistic_regression,train_oof
33,mendeley-S033-wrist_extension-R05,wrist_extension,wrist_extension,59,1.0,4,True,F-ALL14,logistic_regression,train_oof
33,mendeley-S033-wrist_flexion-R05,wrist_flexion,rest,59,0.9322033898305084,4,False,F-ALL14,logistic_regression,train_oof
33,mendeley-S033-grip-R05,hand_close,rest,59,0.9491525423728814,4,False,F-ALL14,logistic_regression,train_oof
34,mendeley-S034-rest-R01,rest,wrist_flexion,59,0.7966101694915254,1,False,F-ALL14,logistic_regression,train_oof
34,mendeley-S034-wrist_extension-R01,wrist_extension,wrist_extension,59,0.9661016949152542,1,True,F-ALL14,logistic_regression,train_oof
34,mendeley-S034-wrist_flexion-R01,wrist_flexion,wrist_flexion,59,0.864406779661017,1,True,F-ALL14,logistic_regression,train_oof
34,mendeley-S034-grip-R01,hand_close,hand_close,59,0.864406779661017,1,True,F-ALL14,logistic_regression,train_oof
34,mendeley-S034-rest-R02,rest,rest,59,0.4745762711864407,1,True,F-ALL14,logistic_regression,train_oof
34,mendeley-S034-wrist_extension-R02,wrist_extension,wrist_extension,59,0.9661016949152542,1,True,F-ALL14,logistic_regression,train_oof
34,mendeley-S034-wrist_flexion-R02,wrist_flexion,wrist_flexion,59,0.6949152542372882,1,True,F-ALL14,logistic_regression,train_oof
34,mendeley-S034-grip-R02,hand_close,hand_close,59,0.9491525423728814,1,True,F-ALL14,logistic_regression,train_oof
34,mendeley-S034-rest-R03,rest,rest,59,0.4745762711864407,1,True,F-ALL14,logistic_regression,train_oof
34,mendeley-S034-wrist_extension-R03,wrist_extension,wrist_extension,59,0.9661016949152542,1,True,F-ALL14,logistic_regression,train_oof
34,mendeley-S034-wrist_flexion-R03,wrist_flexion,wrist_flexion,59,0.9152542372881356,1,True,F-ALL14,logistic_regression,train_oof
34,mendeley-S034-grip-R03,hand_close,hand_close,59,0.7966101694915254,1,True,F-ALL14,logistic_regression,train_oof
34,mendeley-S034-rest-R04,rest,wrist_flexion,59,0.4067796610169492,1,False,F-ALL14,logistic_regression,train_oof
34,mendeley-S034-wrist_extension-R04,wrist_extension,wrist_extension,59,0.8813559322033898,1,True,F-ALL14,logistic_regression,train_oof
34,mendeley-S034-wrist_flexion-R04,wrist_flexion,wrist_flexion,59,0.8813559322033898,1,True,F-ALL14,logistic_regression,train_oof
34,mendeley-S034-grip-R04,hand_close,wrist_flexion,59,0.576271186440678,1,False,F-ALL14,logistic_regression,train_oof
34,mendeley-S034-rest-R05,rest,wrist_flexion,59,0.6779661016949152,1,False,F-ALL14,logistic_regression,train_oof
34,mendeley-S034-wrist_extension-R05,wrist_extension,wrist_extension,59,0.9322033898305084,1,True,F-ALL14,logistic_regression,train_oof
34,mendeley-S034-wrist_flexion-R05,wrist_flexion,wrist_flexion,59,0.8813559322033898,1,True,F-ALL14,logistic_regression,train_oof
34,mendeley-S034-grip-R05,hand_close,wrist_flexion,59,0.6271186440677966,1,False,F-ALL14,logistic_regression,train_oof
36,mendeley-S036-rest-R01,rest,rest,59,0.711864406779661,2,True,F-ALL14,logistic_regression,train_oof
36,mendeley-S036-wrist_extension-R01,wrist_extension,wrist_extension,59,1.0,2,True,F-ALL14,logistic_regression,train_oof
36,mendeley-S036-wrist_flexion-R01,wrist_flexion,wrist_flexion,59,0.8813559322033898,2,True,F-ALL14,logistic_regression,train_oof
36,mendeley-S036-grip-R01,hand_close,wrist_flexion,59,0.9322033898305084,2,False,F-ALL14,logistic_regression,train_oof
36,mendeley-S036-rest-R02,rest,rest,59,0.7457627118644068,2,True,F-ALL14,logistic_regression,train_oof
36,mendeley-S036-wrist_extension-R02,wrist_extension,wrist_extension,59,0.9830508474576272,2,True,F-ALL14,logistic_regression,train_oof
36,mendeley-S036-wrist_flexion-R02,wrist_flexion,wrist_flexion,59,0.9322033898305084,2,True,F-ALL14,logistic_regression,train_oof
36,mendeley-S036-grip-R02,hand_close,wrist_flexion,59,0.8813559322033898,2,False,F-ALL14,logistic_regression,train_oof
36,mendeley-S036-rest-R03,rest,wrist_flexion,59,0.5423728813559322,2,False,F-ALL14,logistic_regression,train_oof
36,mendeley-S036-wrist_extension-R03,wrist_extension,wrist_extension,59,0.9830508474576272,2,True,F-ALL14,logistic_regression,train_oof
36,mendeley-S036-wrist_flexion-R03,wrist_flexion,wrist_flexion,59,0.9322033898305084,2,True,F-ALL14,logistic_regression,train_oof
36,mendeley-S036-grip-R03,hand_close,wrist_flexion,59,0.9152542372881356,2,False,F-ALL14,logistic_regression,train_oof
36,mendeley-S036-rest-R04,rest,rest,59,0.5932203389830508,2,True,F-ALL14,logistic_regression,train_oof
36,mendeley-S036-wrist_extension-R04,wrist_extension,wrist_extension,59,1.0,2,True,F-ALL14,logistic_regression,train_oof
36,mendeley-S036-wrist_flexion-R04,wrist_flexion,wrist_flexion,59,0.9152542372881356,2,True,F-ALL14,logistic_regression,train_oof
36,mendeley-S036-grip-R04,hand_close,wrist_flexion,59,0.8813559322033898,2,False,F-ALL14,logistic_regression,train_oof
36,mendeley-S036-rest-R05,rest,rest,59,0.7627118644067796,2,True,F-ALL14,logistic_regression,train_oof
36,mendeley-S036-wrist_extension-R05,wrist_extension,wrist_extension,59,0.9661016949152542,2,True,F-ALL14,logistic_regression,train_oof
36,mendeley-S036-wrist_flexion-R05,wrist_flexion,wrist_flexion,59,0.7966101694915254,2,True,F-ALL14,logistic_regression,train_oof
36,mendeley-S036-grip-R05,hand_close,wrist_flexion,59,0.9152542372881356,2,False,F-ALL14,logistic_regression,train_oof
37,mendeley-S037-rest-R01,rest,wrist_flexion,59,0.7288135593220338,3,False,F-ALL14,logistic_regression,train_oof
37,mendeley-S037-wrist_extension-R01,wrist_extension,wrist_extension,59,0.9830508474576272,3,True,F-ALL14,logistic_regression,train_oof
37,mendeley-S037-wrist_flexion-R01,wrist_flexion,wrist_flexion,59,0.6271186440677966,3,True,F-ALL14,logistic_regression,train_oof
37,mendeley-S037-grip-R01,hand_close,wrist_flexion,59,0.4915254237288136,3,False,F-ALL14,logistic_regression,train_oof
37,mendeley-S037-rest-R02,rest,wrist_flexion,59,0.7627118644067796,3,False,F-ALL14,logistic_regression,train_oof
37,mendeley-S037-wrist_extension-R02,wrist_extension,wrist_extension,59,1.0,3,True,F-ALL14,logistic_regression,train_oof
37,mendeley-S037-wrist_flexion-R02,wrist_flexion,wrist_flexion,59,0.864406779661017,3,True,F-ALL14,logistic_regression,train_oof
37,mendeley-S037-grip-R02,hand_close,hand_close,59,0.847457627118644,3,True,F-ALL14,logistic_regression,train_oof
37,mendeley-S037-rest-R03,rest,wrist_flexion,59,0.8305084745762712,3,False,F-ALL14,logistic_regression,train_oof
37,mendeley-S037-wrist_extension-R03,wrist_extension,wrist_extension,59,1.0,3,True,F-ALL14,logistic_regression,train_oof
37,mendeley-S037-wrist_flexion-R03,wrist_flexion,wrist_flexion,59,0.9491525423728814,3,True,F-ALL14,logistic_regression,train_oof
37,mendeley-S037-grip-R03,hand_close,hand_close,59,0.6779661016949152,3,True,F-ALL14,logistic_regression,train_oof
37,mendeley-S037-rest-R04,rest,wrist_flexion,59,0.6610169491525424,3,False,F-ALL14,logistic_regression,train_oof
37,mendeley-S037-wrist_extension-R04,wrist_extension,wrist_extension,59,1.0,3,True,F-ALL14,logistic_regression,train_oof
37,mendeley-S037-wrist_flexion-R04,wrist_flexion,wrist_flexion,59,0.711864406779661,3,True,F-ALL14,logistic_regression,train_oof
37,mendeley-S037-grip-R04,hand_close,hand_close,59,0.7796610169491526,3,True,F-ALL14,logistic_regression,train_oof
37,mendeley-S037-rest-R05,rest,rest,59,0.5084745762711864,3,True,F-ALL14,logistic_regression,train_oof
37,mendeley-S037-wrist_extension-R05,wrist_extension,wrist_extension,59,1.0,3,True,F-ALL14,logistic_regression,train_oof
37,mendeley-S037-wrist_flexion-R05,wrist_flexion,wrist_flexion,59,0.8305084745762712,3,True,F-ALL14,logistic_regression,train_oof
37,mendeley-S037-grip-R05,hand_close,hand_close,59,0.9152542372881356,3,True,F-ALL14,logistic_regression,train_oof
38,mendeley-S038-rest-R01,rest,rest,59,1.0,0,True,F-ALL14,logistic_regression,train_oof
38,mendeley-S038-wrist_extension-R01,wrist_extension,wrist_extension,59,0.9491525423728814,0,True,F-ALL14,logistic_regression,train_oof
38,mendeley-S038-wrist_flexion-R01,wrist_flexion,rest,59,0.9152542372881356,0,False,F-ALL14,logistic_regression,train_oof
38,mendeley-S038-grip-R01,hand_close,rest,59,0.5084745762711864,0,False,F-ALL14,logistic_regression,train_oof
38,mendeley-S038-rest-R02,rest,rest,59,1.0,0,True,F-ALL14,logistic_regression,train_oof
38,mendeley-S038-wrist_extension-R02,wrist_extension,wrist_extension,59,0.9491525423728814,0,True,F-ALL14,logistic_regression,train_oof
38,mendeley-S038-wrist_flexion-R02,wrist_flexion,rest,59,0.8983050847457628,0,False,F-ALL14,logistic_regression,train_oof
38,mendeley-S038-grip-R02,hand_close,hand_close,59,0.864406779661017,0,True,F-ALL14,logistic_regression,train_oof
38,mendeley-S038-rest-R03,rest,rest,59,1.0,0,True,F-ALL14,logistic_regression,train_oof
38,mendeley-S038-wrist_extension-R03,wrist_extension,wrist_extension,59,0.9322033898305084,0,True,F-ALL14,logistic_regression,train_oof
38,mendeley-S038-wrist_flexion-R03,wrist_flexion,rest,59,0.8983050847457628,0,False,F-ALL14,logistic_regression,train_oof
38,mendeley-S038-grip-R03,hand_close,hand_close,59,0.6101694915254238,0,True,F-ALL14,logistic_regression,train_oof
38,mendeley-S038-rest-R04,rest,rest,59,1.0,0,True,F-ALL14,logistic_regression,train_oof
38,mendeley-S038-wrist_extension-R04,wrist_extension,wrist_extension,59,0.9661016949152542,0,True,F-ALL14,logistic_regression,train_oof
38,mendeley-S038-wrist_flexion-R04,wrist_flexion,rest,59,0.9491525423728814,0,False,F-ALL14,logistic_regression,train_oof
38,mendeley-S038-grip-R04,hand_close,rest,59,0.711864406779661,0,False,F-ALL14,logistic_regression,train_oof
38,mendeley-S038-rest-R05,rest,rest,59,1.0,0,True,F-ALL14,logistic_regression,train_oof
38,mendeley-S038-wrist_extension-R05,wrist_extension,wrist_extension,59,1.0,0,True,F-ALL14,logistic_regression,train_oof
38,mendeley-S038-wrist_flexion-R05,wrist_flexion,rest,59,0.6610169491525424,0,False,F-ALL14,logistic_regression,train_oof
38,mendeley-S038-grip-R05,hand_close,hand_close,59,0.9661016949152542,0,True,F-ALL14,logistic_regression,train_oof
39,mendeley-S039-rest-R01,rest,rest,59,0.8983050847457628,4,True,F-ALL14,logistic_regression,train_oof
39,mendeley-S039-wrist_extension-R01,wrist_extension,wrist_extension,59,0.9322033898305084,4,True,F-ALL14,logistic_regression,train_oof
39,mendeley-S039-wrist_flexion-R01,wrist_flexion,rest,59,0.7457627118644068,4,False,F-ALL14,logistic_regression,train_oof
39,mendeley-S039-grip-R01,hand_close,wrist_flexion,59,0.5084745762711864,4,False,F-ALL14,logistic_regression,train_oof
39,mendeley-S039-rest-R02,rest,rest,59,0.711864406779661,4,True,F-ALL14,logistic_regression,train_oof
39,mendeley-S039-wrist_extension-R02,wrist_extension,wrist_extension,59,0.8983050847457628,4,True,F-ALL14,logistic_regression,train_oof
39,mendeley-S039-wrist_flexion-R02,wrist_flexion,wrist_flexion,59,0.5084745762711864,4,True,F-ALL14,logistic_regression,train_oof
39,mendeley-S039-grip-R02,hand_close,rest,59,0.9152542372881356,4,False,F-ALL14,logistic_regression,train_oof
39,mendeley-S039-rest-R03,rest,wrist_flexion,59,0.5084745762711864,4,False,F-ALL14,logistic_regression,train_oof
39,mendeley-S039-wrist_extension-R03,wrist_extension,wrist_extension,59,0.9152542372881356,4,True,F-ALL14,logistic_regression,train_oof
39,mendeley-S039-wrist_flexion-R03,wrist_flexion,wrist_flexion,59,0.864406779661017,4,True,F-ALL14,logistic_regression,train_oof
39,mendeley-S039-grip-R03,hand_close,wrist_flexion,59,0.847457627118644,4,False,F-ALL14,logistic_regression,train_oof
39,mendeley-S039-rest-R04,rest,rest,59,0.5084745762711864,4,True,F-ALL14,logistic_regression,train_oof
39,mendeley-S039-wrist_extension-R04,wrist_extension,wrist_extension,59,0.9152542372881356,4,True,F-ALL14,logistic_regression,train_oof
39,mendeley-S039-wrist_flexion-R04,wrist_flexion,wrist_flexion,59,0.8983050847457628,4,True,F-ALL14,logistic_regression,train_oof
39,mendeley-S039-grip-R04,hand_close,wrist_flexion,59,0.5932203389830508,4,False,F-ALL14,logistic_regression,train_oof
39,mendeley-S039-rest-R05,rest,rest,59,0.6271186440677966,4,True,F-ALL14,logistic_regression,train_oof
39,mendeley-S039-wrist_extension-R05,wrist_extension,wrist_extension,59,0.9152542372881356,4,True,F-ALL14,logistic_regression,train_oof
39,mendeley-S039-wrist_flexion-R05,wrist_flexion,wrist_flexion,59,0.559322033898305,4,True,F-ALL14,logistic_regression,train_oof
39,mendeley-S039-grip-R05,hand_close,rest,59,0.6271186440677966,4,False,F-ALL14,logistic_regression,train_oof
