combo_id,feature_arm,feature_dimension,model_id,fold_id,status,train_rows,validation_rows,train_subjects,validation_subjects,validation_repetitions,fit_predict_seconds,warning_count,warning_messages,window_accuracy,window_balanced_accuracy,window_macro_f1,window_weighted_f1,window_macro_precision,window_macro_recall,window_cohen_kappa,repetition_accuracy,repetition_balanced_accuracy,repetition_macro_f1,repetition_weighted_f1,repetition_macro_precision,repetition_macro_recall,repetition_cohen_kappa,subject_macro_f1_mean,subject_macro_f1_std,subject_balanced_accuracy_mean
F-ALL14__dummy_most_frequent,F-ALL14,42,dummy_most_frequent,0,COMPLETED,29397,8260,25,7,140,0.025405359999695065,0,[],0.25,0.25,0.1,0.1,0.0625,0.25,0.0,0.25,0.25,0.1,0.1,0.0625,0.25,0.0,0.09999999999999999,1.3877787807814457e-17,0.25
F-ALL14__dummy_most_frequent,F-ALL14,42,dummy_most_frequent,1,COMPLETED,30577,7080,26,6,120,0.02520656099977714,0,[],0.25,0.25,0.1,0.1,0.0625,0.25,0.0,0.25,0.25,0.1,0.1,0.0625,0.25,0.0,0.09999999999999999,1.3877787807814457e-17,0.25
F-ALL14__dummy_most_frequent,F-ALL14,42,dummy_most_frequent,2,COMPLETED,30680,6977,26,6,119,0.027684629000304994,0,[],0.2536906980077397,0.25,0.1011775465874014,0.10267120966587386,0.06342267450193492,0.25,0.0,0.25210084033613445,0.25,0.10067114093959731,0.10151711691387964,0.06302521008403361,0.25,0.0,0.10069444444444443,0.0015528249843748537,0.25
F-ALL14__dummy_most_frequent,F-ALL14,42,dummy_most_frequent,3,COMPLETED,30577,7080,26,6,120,0.025055439999960072,0,[],0.25,0.25,0.1,0.1,0.0625,0.25,0.0,0.25,0.25,0.1,0.1,0.0625,0.25,0.0,0.09999999999999999,1.3877787807814457e-17,0.25
F-ALL14__dummy_most_frequent,F-ALL14,42,dummy_most_frequent,4,COMPLETED,29397,8260,25,7,140,0.024283030000333383,0,[],0.25,0.25,0.1,0.1,0.0625,0.25,0.0,0.25,0.25,0.1,0.1,0.0625,0.25,0.0,0.09999999999999999,1.3877787807814457e-17,0.25
F-ALL14__dummy_stratified,F-ALL14,42,dummy_stratified,0,COMPLETED,29397,8260,25,7,140,0.027234852999754366,0,[],0.24915254237288137,0.24915254237288134,0.24905947739661216,0.24905947739661216,0.2490525110082005,0.24915254237288134,-0.001129943502824915,0.2857142857142857,0.2857142857142857,0.2776911973893398,0.2776911973893398,0.282660155936018,0.2857142857142857,0.04761904761904767,0.2629148629148629,0.06758263020239921,0.2857142857142857
F-ALL14__dummy_stratified,F-ALL14,42,dummy_stratified,1,COMPLETED,30577,7080,26,6,120,0.027373611999792047,0,[],0.24378531073446327,0.24378531073446327,0.2437511857701321,0.24375118577013208,0.24384610912058047,0.24378531073446327,-0.008286252354049006,0.19166666666666668,0.19166666666666665,0.19096133751306166,0.19096133751306166,0.19146825396825398,0.19166666666666665,-0.07777777777777772,0.1829765142265142,0.04497811495663208,0.19166666666666665
F-ALL14__dummy_stratified,F-ALL14,42,dummy_stratified,2,COMPLETED,30680,6977,26,6,119,0.02772402599975976,0,[],0.2532607137738283,0.25344183084528593,0.2533484226785854,0.2531913109546311,0.2532769583987339,0.25344183084528593,0.004334507418782496,0.2857142857142857,0.28706896551724137,0.28445484597176485,0.28326346225558874,0.28290343915343913,0.28706896551724137,0.047820766261884584,0.2855688293188294,0.13290674146197803,0.28958333333333336
F-ALL14__dummy_stratified,F-ALL14,42,dummy_stratified,3,COMPLETED,30577,7080,26,6,120,0.04376257200010514,0,[],0.24562146892655368,0.24562146892655368,0.24558462432336103,0.245584624323361,0.24558896605860045,0.24562146892655368,-0.0058380414312617646,0.275,0.27499999999999997,0.27399845916795074,0.2739984591679507,0.27777851458885944,0.27499999999999997,0.033333333333333326,0.2607461982461982,0.08764301364230634,0.27499999999999997
F-ALL14__dummy_stratified,F-ALL14,42,dummy_stratified,4,COMPLETED,29397,8260,25,7,140,0.04152765900016675,0,[],0.24685230024213076,0.24685230024213076,0.246795398492389,0.24679539849238896,0.24678086523111903,0.24685230024213076,-0.0041969330104922875,0.2,0.2,0.19922114811930178,0.19922114811930178,0.19938080495356036,0.2,-0.06666666666666665,0.1864655186083757,0.09724888241447192,0.19999999999999998
F-TD8__lda_shrinkage,F-TD8,24,lda_shrinkage,0,COMPLETED,29397,8260,25,7,140,1.0265572710000015,1,['datetime.datetime.utcnow() is deprecated and scheduled for removal in a future version. Use timezone-aware objects to represent datetimes in UTC: datetime.datetime.now(datetime.UTC).'],0.6056900726392251,0.6056900726392251,0.6168860298345328,0.6168860298345327,0.6430971226190674,0.6056900726392251,0.4742534301856336,0.6857142857142857,0.6857142857142857,0.6909667639793398,0.6909667639793398,0.7059346301965044,0.6857142857142857,0.5809523809523809,0.6459529557743844,0.12122915988245012,0.6857142857142857
F-TD8__lda_shrinkage,F-TD8,24,lda_shrinkage,1,COMPLETED,30577,7080,26,6,120,0.5156806629997845,0,[],0.5901129943502825,0.5901129943502824,0.5850130397098667,0.5850130397098667,0.599462612851209,0.5901129943502824,0.4534839924670433,0.65,0.65,0.6382047071702244,0.6382047071702244,0.6414835164835164,0.65,0.5333333333333333,0.6187691325558972,0.13382803706168253,0.65
F-TD8__lda_shrinkage,F-TD8,24,lda_shrinkage,2,COMPLETED,30680,6977,26,6,119,0.5815078519999588,0,[],0.6515694424537767,0.6509385513363082,0.6563594559422448,0.6579427874036597,0.6758074155542725,0.6509385513363082,0.535858045370088,0.7478991596638656,0.7485632183908046,0.7504070392667263,0.7511874829027884,0.797077922077922,0.7485632183908046,0.6643159379407617,0.7116422316789964,0.187593578694297,0.7416666666666667
F-TD8__lda_shrinkage,F-TD8,24,lda_shrinkage,3,COMPLETED,30577,7080,26,6,120,0.38483119199963767,0,[],0.6217514124293785,0.6217514124293785,0.631424252136755,0.631424252136755,0.6550967594033392,0.6217514124293785,0.4956685499058381,0.7,0.7,0.7049874844741109,0.704987484474111,0.7258431085043988,0.7,0.6,0.6695345164095164,0.12743657622952656,0.7000000000000001
F-TD8__lda_shrinkage,F-TD8,24,lda_shrinkage,4,COMPLETED,29397,8260,25,7,140,0.2724073770000359,0,[],0.5438256658595642,0.5438256658595642,0.557248666930627,0.557248666930627,0.5913174914612522,0.5438256658595642,0.3917675544794189,0.5928571428571429,0.5928571428571429,0.6026239038404678,0.6026239038404678,0.6310209810874705,0.5928571428571429,0.4571428571428572,0.5402766875981162,0.24314020161626615,0.5928571428571429
F-SP6__lda_shrinkage,F-SP6,18,lda_shrinkage,0,COMPLETED,29397,8260,25,7,140,0.14230132000011508,0,[],0.5295399515738499,0.5295399515738499,0.5406249257689832,0.5406249257689832,0.5646700326492725,0.5295399515738499,0.3727199354317998,0.5928571428571429,0.5928571428571429,0.5937187921727396,0.5937187921727396,0.601755677039529,0.5928571428571429,0.4571428571428572,0.558511841124623,0.18887262427979107,0.5928571428571429
F-SP6__lda_shrinkage,F-SP6,18,lda_shrinkage,1,COMPLETED,30577,7080,26,6,120,0.12720391299990297,0,[],0.5843220338983051,0.5843220338983052,0.5819187454198884,0.5819187454198883,0.605605717691808,0.5843220338983052,0.44576271186440675,0.6416666666666667,0.6416666666666666,0.6309597319614128,0.6309597319614128,0.6605924978687128,0.6416666666666666,0.5222222222222221,0.6025838744588744,0.09025753116392264,0.6416666666666666
F-SP6__lda_shrinkage,F-SP6,18,lda_shrinkage,2,COMPLETED,30680,6977,26,6,119,0.11678787700020621,0,[],0.5536763651999427,0.5525107516650379,0.545218679014494,0.5465058372935622,0.5494543189501294,0.5525107516650379,0.4050476906525269,0.5966386554621849,0.5956896551724138,0.5884226573373218,0.5895723191365783,0.6048376088698669,0.5956896551724138,0.4623493975903614,0.531047077922078,0.17016291560376134,0.5916666666666668
F-SP6__lda_shrinkage,F-SP6,18,lda_shrinkage,3,COMPLETED,30577,7080,26,6,120,0.1200264630001584,0,[],0.6103107344632769,0.6103107344632769,0.6009404386259278,0.6009404386259279,0.6120898361639112,0.6103107344632769,0.4804143126177024,0.6666666666666666,0.6666666666666667,0.6475722323179951,0.647572232317995,0.6969137184654426,0.6666666666666667,0.5555555555555556,0.6350797894915542,0.1025797107843903,0.6666666666666666
F-SP6__lda_shrinkage,F-SP6,18,lda_shrinkage,4,COMPLETED,29397,8260,25,7,140,0.14902663400016536,0,[],0.5688861985472154,0.5688861985472154,0.5755292208898527,0.5755292208898526,0.5899544829473248,0.5688861985472154,0.42518159806295397,0.6357142857142857,0.6357142857142857,0.6392314990512333,0.6392314990512333,0.6585185185185185,0.6357142857142857,0.5142857142857142,0.5859809308338721,0.19354264141925637,0.6357142857142858
F-ALL14__lda_shrinkage,F-ALL14,42,lda_shrinkage,0,COMPLETED,29397,8260,25,7,140,0.16760942099972453,0,[],0.6450363196125908,0.6450363196125908,0.6511765255423919,0.651176525542392,0.6614893239193899,0.6450363196125908,0.5267150928167877,0.7071428571428572,0.7071428571428571,0.708915278270117,0.7089152782701169,0.7196936138796604,0.7071428571428571,0.6095238095238096,0.6651465597894168,0.1828804711402188,0.7071428571428572
F-ALL14__lda_shrinkage,F-ALL14,42,lda_shrinkage,1,COMPLETED,30577,7080,26,6,120,0.17456920800032094,0,[],0.653954802259887,0.653954802259887,0.651286067892513,0.651286067892513,0.6783025600042334,0.653954802259887,0.5386064030131827,0.7083333333333334,0.7083333333333333,0.7016586143741317,0.7016586143741317,0.734642094017094,0.7083333333333333,0.6111111111111112,0.6671414778032426,0.16116704231861192,0.7083333333333334
F-ALL14__lda_shrinkage,F-ALL14,42,lda_shrinkage,2,COMPLETED,30680,6977,26,6,119,0.16935587399984797,0,[],0.6624623763795328,0.6619873474500646,0.6639243914541184,0.665279298187448,0.683906157300902,0.6619873474500646,0.550351738155237,0.7310924369747899,0.7310344827586207,0.7318164925882366,0.7327758995946628,0.7680949861334112,0.7310344827586207,0.6417685794920038,0.674278420166578,0.19917394473313701,0.7291666666666666
F-ALL14__lda_shrinkage,F-ALL14,42,lda_shrinkage,3,COMPLETED,30577,7080,26,6,120,0.19295355199983533,0,[],0.7056497175141243,0.7056497175141243,0.7080209119769111,0.708020911976911,0.7368273068713788,0.7056497175141243,0.607532956685499,0.7916666666666666,0.7916666666666666,0.7903748733535967,0.7903748733535968,0.8278409090909091,0.7916666666666666,0.7222222222222222,0.7554563492063492,0.16385148206474404,0.7916666666666666
F-ALL14__lda_shrinkage,F-ALL14,42,lda_shrinkage,4,COMPLETED,29397,8260,25,7,140,0.1685040699999263,0,[],0.5753026634382566,0.5753026634382568,0.5862491917019996,0.5862491917019996,0.6121620981865303,0.5753026634382568,0.43373688458434223,0.6,0.6,0.6070785849035789,0.6070785849035788,0.6314121608239256,0.6,0.4666666666666667,0.5319006390434962,0.23782938900394493,0.6
F-NO-MOMENTS12__lda_shrinkage,F-NO-MOMENTS12,36,lda_shrinkage,0,COMPLETED,29397,8260,25,7,140,0.15432048399998166,0,[],0.6452784503631961,0.6452784503631962,0.6519186972418082,0.6519186972418082,0.6634668102341756,0.6452784503631962,0.5270379338175948,0.7,0.7,0.7039137242294893,0.7039137242294893,0.7236332109343125,0.7,0.6,0.6577509791795506,0.1758578551171334,0.7
F-NO-MOMENTS12__lda_shrinkage,F-NO-MOMENTS12,36,lda_shrinkage,1,COMPLETED,30577,7080,26,6,120,0.15823182099984479,0,[],0.6733050847457627,0.6733050847457627,0.6730605856154614,0.6730605856154614,0.6930597932976317,0.6733050847457627,0.5644067796610169,0.7166666666666667,0.7166666666666666,0.713236616567459,0.7132366165674588,0.7337061087061088,0.7166666666666666,0.6222222222222222,0.6752938034188034,0.18261041369692912,0.7166666666666667
F-NO-MOMENTS12__lda_shrinkage,F-NO-MOMENTS12,36,lda_shrinkage,2,COMPLETED,30680,6977,26,6,119,0.162894094999956,0,[],0.6594524867421527,0.6587637216213269,0.662355983641793,0.6638733443716472,0.6810387835896596,0.6587637216213269,0.5463119036284808,0.7394957983193278,0.7390804597701149,0.7420751087320174,0.7430589331751437,0.7686935555206803,0.7390804597701149,0.6528326745718049,0.6948830037065331,0.1806755339100803,0.7395833333333334
F-NO-MOMENTS12__lda_shrinkage,F-NO-MOMENTS12,36,lda_shrinkage,3,COMPLETED,30577,7080,26,6,120,0.17155924600001526,0,[],0.7009887005649718,0.7009887005649718,0.701710595964542,0.701710595964542,0.734644448456654,0.7009887005649718,0.6013182674199624,0.7666666666666667,0.7666666666666666,0.7619144820614507,0.7619144820614508,0.8005242978566149,0.7666666666666666,0.6888888888888889,0.7327365921115921,0.1599186376128565,0.7666666666666667
F-NO-MOMENTS12__lda_shrinkage,F-NO-MOMENTS12,36,lda_shrinkage,4,COMPLETED,29397,8260,25,7,140,0.1535006149997571,0,[],0.5761501210653753,0.5761501210653752,0.5868982630248538,0.5868982630248538,0.6132287401255846,0.5761501210653752,0.43486682808716703,0.6071428571428571,0.6071428571428571,0.6145092754467754,0.6145092754467755,0.6418238993710692,0.6071428571428571,0.47619047619047616,0.5362423757381741,0.24383450025138803,0.6071428571428571
F-TD8__logistic_regression,F-TD8,24,logistic_regression,0,COMPLETED,29397,8260,25,7,140,8.159890294999968,2,"['scipy.optimize: The `disp` and `iprint` options of the L-BFGS-B solver are deprecated and will be removed in SciPy 1.18.0.', 'datetime.datetime.utcnow() is deprecated and scheduled for removal in a future version. Use timezone-aware objects to represent datetimes in UTC: datetime.datetime.now(datetime.UTC).']",0.6933414043583536,0.6933414043583536,0.6921054904344325,0.6921054904344326,0.6970546021395914,0.6933414043583536,0.5911218724778047,0.7428571428571429,0.7428571428571428,0.7371794871794872,0.7371794871794872,0.7422375864236329,0.7428571428571428,0.6571428571428571,0.6896967120181406,0.13224030845589863,0.7428571428571429
F-TD8__logistic_regression,F-TD8,24,logistic_regression,1,COMPLETED,30577,7080,26,6,120,5.4360345630002485,1,['scipy.optimize: The `disp` and `iprint` options of the L-BFGS-B solver are deprecated and will be removed in SciPy 1.18.0.'],0.6781073446327683,0.6781073446327683,0.6658600281829683,0.6658600281829683,0.677178752427807,0.6781073446327683,0.5708097928436912,0.8,0.8,0.7876494104672473,0.7876494104672472,0.8227835213032582,0.8,0.7333333333333334,0.7681878306878307,0.16879058007190711,0.7999999999999999
F-TD8__logistic_regression,F-TD8,24,logistic_regression,2,COMPLETED,30680,6977,26,6,119,4.716634934000012,1,['scipy.optimize: The `disp` and `iprint` options of the L-BFGS-B solver are deprecated and will be removed in SciPy 1.18.0.'],0.7056041278486456,0.704025093576903,0.703050722112712,0.7049840952166677,0.7074475639317568,0.704025093576903,0.6075826788872412,0.7899159663865546,0.789080459770115,0.7892665130568357,0.7904774813151068,0.7925407925407926,0.789080459770115,0.7199736445783133,0.7475755725755726,0.11451587479535828,0.7854166666666668
F-TD8__logistic_regression,F-TD8,24,logistic_regression,3,COMPLETED,30577,7080,26,6,120,8.329493176999677,1,['scipy.optimize: The `disp` and `iprint` options of the L-BFGS-B solver are deprecated and will be removed in SciPy 1.18.0.'],0.6690677966101695,0.6690677966101695,0.6674261332505944,0.6674261332505944,0.6747634096683701,0.6690677966101695,0.5587570621468927,0.7083333333333334,0.7083333333333333,0.7076290470421579,0.7076290470421578,0.7267639767639767,0.7083333333333333,0.6111111111111112,0.6725882913382913,0.09922921529920636,0.7083333333333334
F-TD8__logistic_regression,F-TD8,24,logistic_regression,4,COMPLETED,29397,8260,25,7,140,3.991043740999885,1,['scipy.optimize: The `disp` and `iprint` options of the L-BFGS-B solver are deprecated and will be removed in SciPy 1.18.0.'],0.5843825665859564,0.5843825665859564,0.5882972156503208,0.5882972156503207,0.6033282910386155,0.5843825665859564,0.4458434221146086,0.5857142857142857,0.5857142857142856,0.5880942341329335,0.5880942341329335,0.6102828054298642,0.5857142857142856,0.4476190476190476,0.5301676246501544,0.2555348545989901,0.5857142857142857
F-SP6__logistic_regression,F-SP6,18,logistic_regression,0,COMPLETED,29397,8260,25,7,140,4.448479266000049,2,"['scipy.optimize: The `disp` and `iprint` options of the L-BFGS-B solver are deprecated and will be removed in SciPy 1.18.0.', 'datetime.datetime.utcnow() is deprecated and scheduled for removal in a future version. Use timezone-aware objects to represent datetimes in UTC: datetime.datetime.now(datetime.UTC).']",0.6041162227602905,0.6041162227602905,0.6092351419743633,0.6092351419743633,0.6186742384243327,0.6041162227602905,0.47215496368038745,0.6642857142857143,0.6642857142857143,0.663891242189982,0.663891242189982,0.6690137437088657,0.6642857142857143,0.5523809523809524,0.637728144871002,0.15333123059262466,0.6642857142857144
F-SP6__logistic_regression,F-SP6,18,logistic_regression,1,COMPLETED,30577,7080,26,6,120,9.441678810999747,1,['scipy.optimize: The `disp` and `iprint` options of the L-BFGS-B solver are deprecated and will be removed in SciPy 1.18.0.'],0.6519774011299435,0.6519774011299435,0.6528590470350484,0.6528590470350485,0.6674628252276785,0.6519774011299435,0.535969868173258,0.7583333333333333,0.7583333333333333,0.7513788001076136,0.7513788001076136,0.7700069138363149,0.7583333333333333,0.6777777777777778,0.7245040838790838,0.13444548385238525,0.7583333333333333
F-SP6__logistic_regression,F-SP6,18,logistic_regression,2,COMPLETED,30680,6977,26,6,119,4.558917291999933,1,['scipy.optimize: The `disp` and `iprint` options of the L-BFGS-B solver are deprecated and will be removed in SciPy 1.18.0.'],0.5809087000143328,0.5798339714012821,0.5714703355683076,0.5729262936401494,0.5825548336611726,0.5798339714012821,0.4415498045263302,0.6302521008403361,0.6301724137931035,0.6262194378391561,0.627220926783005,0.6737012987012987,0.6301724137931035,0.5075707702435812,0.576587338100496,0.17795311777429376,0.63125
F-SP6__logistic_regression,F-SP6,18,logistic_regression,3,COMPLETED,30577,7080,26,6,120,8.864483608000228,1,['scipy.optimize: The `disp` and `iprint` options of the L-BFGS-B solver are deprecated and will be removed in SciPy 1.18.0.'],0.6574858757062146,0.6574858757062148,0.6480655582004091,0.648065558200409,0.6698653771284279,0.6574858757062148,0.5433145009416196,0.7333333333333333,0.7333333333333334,0.7223395510861912,0.7223395510861912,0.7720432350366561,0.7333333333333334,0.6444444444444444,0.7047797654415301,0.12096385055537966,0.7333333333333333
F-SP6__logistic_regression,F-SP6,18,logistic_regression,4,COMPLETED,29397,8260,25,7,140,5.279113514000073,1,['scipy.optimize: The `disp` and `iprint` options of the L-BFGS-B solver are deprecated and will be removed in SciPy 1.18.0.'],0.6009685230024213,0.6009685230024213,0.6064236665373987,0.6064236665373987,0.6252540001213607,0.6009685230024213,0.46795803066989505,0.6142857142857143,0.6142857142857143,0.6169346826274378,0.6169346826274378,0.6512201591511936,0.6142857142857143,0.48571428571428577,0.5514294234440188,0.2263136378079879,0.6142857142857144
F-ALL14__logistic_regression,F-ALL14,42,logistic_regression,0,COMPLETED,29397,8260,25,7,140,12.171400664999965,2,"['scipy.optimize: The `disp` and `iprint` options of the L-BFGS-B solver are deprecated and will be removed in SciPy 1.18.0.', 'datetime.datetime.utcnow() is deprecated and scheduled for removal in a future version. Use timezone-aware objects to represent datetimes in UTC: datetime.datetime.now(datetime.UTC).']",0.7320823244552058,0.7320823244552057,0.7341022862754812,0.7341022862754812,0.7419643332431815,0.7320823244552057,0.6427764326069411,0.7785714285714286,0.7785714285714285,0.7778285724430557,0.7778285724430557,0.787123687858982,0.7785714285714285,0.7047619047619047,0.74109565737717,0.15224867989791097,0.7785714285714286
F-ALL14__logistic_regression,F-ALL14,42,logistic_regression,1,COMPLETED,30577,7080,26,6,120,6.246922518000247,1,['scipy.optimize: The `disp` and `iprint` options of the L-BFGS-B solver are deprecated and will be removed in SciPy 1.18.0.'],0.7519774011299435,0.7519774011299435,0.7481835474036269,0.7481835474036268,0.7640353373456449,0.7519774011299435,0.6693032015065914,0.8583333333333333,0.8583333333333334,0.858780903665814,0.858780903665814,0.8794871794871795,0.8583333333333334,0.8111111111111111,0.8404970574088221,0.1544783126169013,0.8583333333333333
F-ALL14__logistic_regression,F-ALL14,42,logistic_regression,2,COMPLETED,30680,6977,26,6,119,11.450115935000213,1,['scipy.optimize: The `disp` and `iprint` options of the L-BFGS-B solver are deprecated and will be removed in SciPy 1.18.0.'],0.6773684964884621,0.6759819507925791,0.6731637911826226,0.6747937978346367,0.6773406332525,0.6759819507925791,0.5699292350075884,0.773109243697479,0.7724137931034483,0.7726560253091745,0.7735466921885235,0.7745221027479092,0.7724137931034483,0.6975145923554886,0.7376254532504531,0.1583208645979139,0.775
F-ALL14__logistic_regression,F-ALL14,42,logistic_regression,3,COMPLETED,30577,7080,26,6,120,11.577371083999878,1,['scipy.optimize: The `disp` and `iprint` options of the L-BFGS-B solver are deprecated and will be removed in SciPy 1.18.0.'],0.7594632768361582,0.7594632768361582,0.7595746752009434,0.7595746752009434,0.771591066440068,0.7594632768361582,0.6792843691148776,0.8333333333333334,0.8333333333333333,0.8348654034137906,0.8348654034137906,0.8497474747474747,0.8333333333333333,0.7777777777777778,0.8128096440596441,0.17522834683035554,0.8333333333333334
F-ALL14__logistic_regression,F-ALL14,42,logistic_regression,4,COMPLETED,29397,8260,25,7,140,7.304631978000089,1,['scipy.optimize: The `disp` and `iprint` options of the L-BFGS-B solver are deprecated and will be removed in SciPy 1.18.0.'],0.6171912832929782,0.6171912832929782,0.6237872933253408,0.6237872933253409,0.6335939621427877,0.6171912832929782,0.4895883777239709,0.6428571428571429,0.6428571428571428,0.6485991629853523,0.6485991629853524,0.6586452762923352,0.6428571428571428,0.5238095238095238,0.5896688941801723,0.22186561013624426,0.6428571428571429
F-NO-MOMENTS12__logistic_regression,F-NO-MOMENTS12,36,logistic_regression,0,COMPLETED,29397,8260,25,7,140,10.2306558639998,2,"['scipy.optimize: The `disp` and `iprint` options of the L-BFGS-B solver are deprecated and will be removed in SciPy 1.18.0.', 'datetime.datetime.utcnow() is deprecated and scheduled for removal in a future version. Use timezone-aware objects to represent datetimes in UTC: datetime.datetime.now(datetime.UTC).']",0.7271186440677966,0.7271186440677966,0.7279047324499222,0.7279047324499223,0.7361416184192023,0.7271186440677966,0.6361581920903955,0.7785714285714286,0.7785714285714286,0.7758100376485935,0.7758100376485934,0.7846403596403597,0.7785714285714286,0.7047619047619047,0.7434225496725497,0.16008714464112514,0.7785714285714286
F-NO-MOMENTS12__logistic_regression,F-NO-MOMENTS12,36,logistic_regression,1,COMPLETED,30577,7080,26,6,120,5.32319044299993,1,['scipy.optimize: The `disp` and `iprint` options of the L-BFGS-B solver are deprecated and will be removed in SciPy 1.18.0.'],0.7538135593220339,0.753813559322034,0.7512028182506236,0.7512028182506236,0.7631852493463489,0.753813559322034,0.6717514124293785,0.8333333333333334,0.8333333333333333,0.831423140888572,0.8314231408885722,0.8524710504549213,0.8333333333333333,0.7777777777777778,0.8017316017316017,0.1514051887762712,0.8333333333333334
F-NO-MOMENTS12__logistic_regression,F-NO-MOMENTS12,36,logistic_regression,2,COMPLETED,30680,6977,26,6,119,11.187379674000113,1,['scipy.optimize: The `disp` and `iprint` options of the L-BFGS-B solver are deprecated and will be removed in SciPy 1.18.0.'],0.6646122975490899,0.6630129629491675,0.6592833793545794,0.6610296229696765,0.6609632919723609,0.6630129629491675,0.5528821284745051,0.7394957983193278,0.7387931034482758,0.7373190699548215,0.7381928996743297,0.7378562342932476,0.7387931034482758,0.6527019393711165,0.7074366605616605,0.13740250473933205,0.7395833333333334
F-NO-MOMENTS12__logistic_regression,F-NO-MOMENTS12,36,logistic_regression,3,COMPLETED,30577,7080,26,6,120,6.164643243000228,1,['scipy.optimize: The `disp` and `iprint` options of the L-BFGS-B solver are deprecated and will be removed in SciPy 1.18.0.'],0.7560734463276836,0.7560734463276836,0.7567979827943871,0.756797982794387,0.7701323908427212,0.7560734463276836,0.6747645951035781,0.825,0.8250000000000001,0.8278159748747984,0.8278159748747984,0.8478535353535355,0.8250000000000001,0.7666666666666666,0.8042867399485046,0.16986238920638194,0.8250000000000001
F-NO-MOMENTS12__logistic_regression,F-NO-MOMENTS12,36,logistic_regression,4,COMPLETED,29397,8260,25,7,140,9.881648739999946,1,['scipy.optimize: The `disp` and `iprint` options of the L-BFGS-B solver are deprecated and will be removed in SciPy 1.18.0.'],0.6148910411622276,0.6148910411622276,0.622060128676626,0.6220601286766261,0.6331662835324835,0.6148910411622276,0.4865213882163034,0.6214285714285714,0.6214285714285714,0.6285027472527472,0.6285027472527472,0.6440476190476191,0.6214285714285714,0.49523809523809526,0.558800952597945,0.22968896871973388,0.6214285714285713
F-TD8__linear_svm,F-TD8,24,linear_svm,0,COMPLETED,29397,8260,25,7,140,1.0687107509997986,1,['datetime.datetime.utcnow() is deprecated and scheduled for removal in a future version. Use timezone-aware objects to represent datetimes in UTC: datetime.datetime.now(datetime.UTC).'],0.67590799031477,0.67590799031477,0.6726994772656795,0.6726994772656795,0.6807252921097706,0.67590799031477,0.5678773204196933,0.7,0.7,0.6880349671526306,0.6880349671526305,0.7107843137254902,0.7,0.6,0.6547856904999761,0.11463692109894372,0.7
F-TD8__linear_svm,F-TD8,24,linear_svm,1,COMPLETED,30577,7080,26,6,120,1.0259058960000402,0,[],0.6714689265536723,0.6714689265536723,0.6552699826562135,0.6552699826562134,0.6634760233250742,0.6714689265536723,0.5619585687382298,0.7333333333333333,0.7333333333333334,0.7117157092843591,0.7117157092843591,0.7318121693121693,0.7333333333333334,0.6444444444444444,0.6950697450697451,0.09824565818184564,0.7333333333333333
F-TD8__linear_svm,F-TD8,24,linear_svm,2,COMPLETED,30680,6977,26,6,119,1.0137125000001106,0,[],0.7044575032248818,0.7029009968668867,0.6979445242750639,0.6998971635811716,0.7074765453506318,0.7029009968668867,0.6060610616041864,0.773109243697479,0.7727011494252873,0.7707031090609863,0.7718320121928968,0.7811627989603518,0.7727011494252873,0.6976853594279262,0.7394699050949051,0.1559093471224124,0.7687499999999999
F-TD8__linear_svm,F-TD8,24,linear_svm,3,COMPLETED,30577,7080,26,6,120,1.085429270000077,0,[],0.6641242937853107,0.6641242937853107,0.6573317079061656,0.6573317079061656,0.6667000102706641,0.6641242937853107,0.5521657250470811,0.725,0.7250000000000001,0.7223605163746009,0.7223605163746009,0.741569660014782,0.7250000000000001,0.6333333333333333,0.689829669241434,0.14523321853337132,0.7250000000000001
F-TD8__linear_svm,F-TD8,24,linear_svm,4,COMPLETED,29397,8260,25,7,140,0.9617247000001043,0,[],0.5808716707021792,0.5808716707021793,0.5756796209559788,0.5756796209559788,0.5910540069279049,0.5808716707021793,0.4411622276029056,0.5785714285714286,0.5785714285714286,0.5676402999516207,0.5676402999516207,0.5892369642369643,0.5785714285714286,0.4380952380952381,0.5246453108295214,0.18830043292174742,0.5785714285714285
F-SP6__linear_svm,F-SP6,18,linear_svm,0,COMPLETED,29397,8260,25,7,140,1.2665224280003713,1,['datetime.datetime.utcnow() is deprecated and scheduled for removal in a future version. Use timezone-aware objects to represent datetimes in UTC: datetime.datetime.now(datetime.UTC).'],0.6162227602905569,0.6162227602905569,0.6163452226916242,0.6163452226916243,0.6214391973370087,0.6162227602905569,0.4882970137207425,0.6642857142857143,0.6642857142857143,0.6577349132810644,0.6577349132810644,0.6609477124183007,0.6642857142857143,0.5523809523809524,0.6336220327291756,0.13673689177386816,0.6642857142857145
F-SP6__linear_svm,F-SP6,18,linear_svm,1,COMPLETED,30577,7080,26,6,120,1.68259521400023,0,[],0.6512711864406779,0.6512711864406779,0.6468152906446545,0.6468152906446544,0.6677903082244449,0.6512711864406779,0.5350282485875706,0.7083333333333334,0.7083333333333333,0.6862004116102477,0.6862004116102476,0.7243193777167696,0.7083333333333333,0.6111111111111112,0.6485042735042735,0.11570844525317694,0.7083333333333334
F-SP6__linear_svm,F-SP6,18,linear_svm,2,COMPLETED,30680,6977,26,6,119,1.6540806539996993,0,[],0.6028378959438154,0.601743636646433,0.5942565496299261,0.5956826087495323,0.6018842822835546,0.601743636646433,0.4707182248748213,0.6638655462184874,0.6635057471264368,0.660463406079942,0.6616291562954475,0.6983748778103617,0.6635057471264368,0.5522528454519801,0.6063866867852935,0.18491476032143375,0.6625
F-SP6__linear_svm,F-SP6,18,linear_svm,3,COMPLETED,30577,7080,26,6,120,1.3747468780002237,0,[],0.6622881355932203,0.6622881355932203,0.6511212566471525,0.6511212566471525,0.6760436826530669,0.6622881355932203,0.5497175141242938,0.7583333333333333,0.7583333333333333,0.7473645227507109,0.7473645227507109,0.7917211091753775,0.7583333333333333,0.6777777777777778,0.7336444805194805,0.15832055810488038,0.7583333333333333
F-SP6__linear_svm,F-SP6,18,linear_svm,4,COMPLETED,29397,8260,25,7,140,1.1688898830002472,0,[],0.5963680387409201,0.5963680387409201,0.5994367224274446,0.5994367224274446,0.6224722353049515,0.5963680387409201,0.4618240516545601,0.6071428571428571,0.6071428571428572,0.6118619319581575,0.6118619319581575,0.6530448717948717,0.6071428571428572,0.47619047619047616,0.5480131446518001,0.2230694845820861,0.6071428571428571
F-ALL14__linear_svm,F-ALL14,42,linear_svm,0,COMPLETED,29397,8260,25,7,140,4.293359983999835,1,['datetime.datetime.utcnow() is deprecated and scheduled for removal in a future version. Use timezone-aware objects to represent datetimes in UTC: datetime.datetime.now(datetime.UTC).'],0.7182808716707022,0.7182808716707021,0.720419314443346,0.7204193144433461,0.72806178790967,0.7182808716707021,0.6243744955609363,0.7642857142857142,0.7642857142857143,0.7654611557596632,0.7654611557596632,0.7730377906976744,0.7642857142857143,0.6857142857142857,0.7289940218511647,0.13845919861396883,0.7642857142857142
F-ALL14__linear_svm,F-ALL14,42,linear_svm,1,COMPLETED,30577,7080,26,6,120,5.401852552000037,0,[],0.7468926553672316,0.7468926553672316,0.7420284905624633,0.7420284905624633,0.7578248845651792,0.7468926553672316,0.6625235404896421,0.85,0.85,0.8495977972473646,0.8495977972473645,0.8696985254271128,0.85,0.8,0.8301391895141895,0.1354719037257199,0.85
F-ALL14__linear_svm,F-ALL14,42,linear_svm,2,COMPLETED,30680,6977,26,6,119,4.790395072000138,0,[],0.6891213988820409,0.6878730575498236,0.6860632895719768,0.6876926372053956,0.6924401171202188,0.6878730575498236,0.5856476798907584,0.7563025210084033,0.7557471264367815,0.7590277777777777,0.7601540616246498,0.7699404761904761,0.7557471264367815,0.6752305665349143,0.7257209225959227,0.1635257741955285,0.7562500000000001
F-ALL14__linear_svm,F-ALL14,42,linear_svm,3,COMPLETED,30577,7080,26,6,120,4.998808403000112,0,[],0.7488700564971752,0.7488700564971751,0.7476436212996912,0.7476436212996913,0.7606737627455936,0.7488700564971751,0.6651600753295668,0.8,0.8,0.799849344204183,0.799849344204183,0.8117897727272727,0.8,0.7333333333333334,0.7715120527620528,0.16769436148180453,0.7999999999999999
F-ALL14__linear_svm,F-ALL14,42,linear_svm,4,COMPLETED,29397,8260,25,7,140,4.008396200000334,0,[],0.6249394673123486,0.6249394673123487,0.6308485816381376,0.6308485816381376,0.6400388199079949,0.6249394673123487,0.49991928974979827,0.6571428571428571,0.657142857142857,0.659742218565748,0.6597422185657481,0.6670076610061606,0.657142857142857,0.5428571428571429,0.6044282263267226,0.2226512291321804,0.6571428571428571
F-NO-MOMENTS12__linear_svm,F-NO-MOMENTS12,36,linear_svm,0,COMPLETED,29397,8260,25,7,140,4.4923372830003245,1,['datetime.datetime.utcnow() is deprecated and scheduled for removal in a future version. Use timezone-aware objects to represent datetimes in UTC: datetime.datetime.now(datetime.UTC).'],0.7171912832929782,0.7171912832929783,0.7186224537871592,0.7186224537871593,0.7259688319835895,0.7171912832929783,0.6229217110573042,0.7642857142857142,0.7642857142857143,0.7649038461538461,0.7649038461538461,0.7749999999999999,0.7642857142857143,0.6857142857142857,0.7276925455496884,0.16148177595703392,0.7642857142857142
F-NO-MOMENTS12__linear_svm,F-NO-MOMENTS12,36,linear_svm,1,COMPLETED,30577,7080,26,6,120,2.9709978890000457,0,[],0.753954802259887,0.753954802259887,0.7507635272882385,0.7507635272882385,0.7629205449726325,0.753954802259887,0.671939736346516,0.8416666666666667,0.8416666666666667,0.8406436487638533,0.8406436487638533,0.8592490842490842,0.8416666666666667,0.7888888888888889,0.8218058561808562,0.12590071521762883,0.8416666666666667
F-NO-MOMENTS12__linear_svm,F-NO-MOMENTS12,36,linear_svm,2,COMPLETED,30680,6977,26,6,119,2.9553192900002614,0,[],0.678228464956285,0.6767967600641025,0.6737234923415102,0.6754365242460681,0.6771147272247152,0.6767967600641025,0.5710859285480256,0.7310924369747899,0.7304597701149425,0.732489224137931,0.7336550999710229,0.739423076923077,0.7304597701149425,0.6416337285902503,0.6861556267806268,0.1767361478879437,0.7312500000000001
F-NO-MOMENTS12__linear_svm,F-NO-MOMENTS12,36,linear_svm,3,COMPLETED,30577,7080,26,6,120,3.5900370240001394,0,[],0.7484463276836159,0.7484463276836159,0.7476249207865245,0.7476249207865245,0.7613224665212761,0.7484463276836159,0.6645951035781544,0.8,0.8,0.8007133995037221,0.8007133995037221,0.8135444518716578,0.8,0.7333333333333334,0.7715120527620528,0.16769436148180453,0.7999999999999999
F-NO-MOMENTS12__linear_svm,F-NO-MOMENTS12,36,linear_svm,4,COMPLETED,29397,8260,25,7,140,3.78062419600019,0,[],0.6227602905569007,0.6227602905569007,0.6291056318755232,0.629105631875523,0.6393364889685285,0.6227602905569007,0.49701372074253425,0.6357142857142857,0.6357142857142857,0.6389871295695435,0.6389871295695435,0.649859139057922,0.6357142857142857,0.5142857142857142,0.5833097789477709,0.23785662973843477,0.6357142857142859
F-TD8__random_forest,F-TD8,24,random_forest,0,COMPLETED,29397,8260,25,7,140,55.061903681999866,1,['datetime.datetime.utcnow() is deprecated and scheduled for removal in a future version. Use timezone-aware objects to represent datetimes in UTC: datetime.datetime.now(datetime.UTC).'],0.6709443099273608,0.6709443099273608,0.6720108532069657,0.6720108532069656,0.6763294424467017,0.6709443099273608,0.5612590799031477,0.7357142857142858,0.7357142857142858,0.7321789321789322,0.732178932178932,0.7345238095238096,0.7357142857142858,0.6476190476190475,0.6994673160639547,0.199894380597113,0.7357142857142858
F-TD8__random_forest,F-TD8,24,random_forest,1,COMPLETED,30577,7080,26,6,120,58.84223102899978,0,[],0.6347457627118644,0.6347457627118643,0.6230371989614399,0.62303719896144,0.6219888651452321,0.6347457627118643,0.5129943502824859,0.7083333333333334,0.7083333333333333,0.6966325660699062,0.6966325660699063,0.6992673992673992,0.7083333333333333,0.6111111111111112,0.6785337347837349,0.17758771911419205,0.7083333333333334
F-TD8__random_forest,F-TD8,24,random_forest,2,COMPLETED,30680,6977,26,6,119,57.292097659999854,0,[],0.6683388275763222,0.6660177178139135,0.6626528894637285,0.6649557548451913,0.6616331997407008,0.6660177178139135,0.5577368691311841,0.7058823529411765,0.7051724137931035,0.6951648351648352,0.696204635700434,0.6984243697478991,0.7051724137931035,0.608,0.6551241582491583,0.11908426468944125,0.7083333333333334
F-TD8__random_forest,F-TD8,24,random_forest,3,COMPLETED,30577,7080,26,6,120,60.182729283999834,0,[],0.6707627118644067,0.6707627118644068,0.6709647952905805,0.6709647952905806,0.6755890534149893,0.6707627118644068,0.5610169491525423,0.725,0.725,0.7273434733723032,0.7273434733723031,0.7338310882665722,0.725,0.6333333333333333,0.7068903318903318,0.14677146641234518,0.7250000000000001
F-TD8__random_forest,F-TD8,24,random_forest,4,COMPLETED,29397,8260,25,7,140,54.46884096700023,0,[],0.6083535108958837,0.6083535108958837,0.6150525030518179,0.6150525030518179,0.6266648993670607,0.6083535108958837,0.4778046811945117,0.65,0.65,0.6572473907635734,0.6572473907635734,0.6737336601307189,0.65,0.5333333333333333,0.5906875184130822,0.26648903638693633,0.6500000000000001
F-SP6__random_forest,F-SP6,18,random_forest,0,COMPLETED,29397,8260,25,7,140,51.008292468000036,1,['datetime.datetime.utcnow() is deprecated and scheduled for removal in a future version. Use timezone-aware objects to represent datetimes in UTC: datetime.datetime.now(datetime.UTC).'],0.7078692493946731,0.7078692493946732,0.7106021872812959,0.7106021872812959,0.713969940838368,0.7078692493946732,0.6104923325262308,0.7785714285714286,0.7785714285714286,0.7800229621125143,0.7800229621125143,0.7882267441860464,0.7785714285714286,0.7047619047619047,0.7495890022675737,0.16547732885179195,0.7785714285714285
F-SP6__random_forest,F-SP6,18,random_forest,1,COMPLETED,30577,7080,26,6,120,53.90606066400005,0,[],0.7254237288135593,0.7254237288135593,0.7239289336811652,0.7239289336811653,0.7398407860258407,0.7254237288135593,0.6338983050847458,0.8166666666666667,0.8166666666666667,0.8165815230365243,0.8165815230365242,0.8417893187552565,0.8166666666666667,0.7555555555555555,0.7940280784030785,0.14256915762595354,0.8166666666666665
F-SP6__random_forest,F-SP6,18,random_forest,2,COMPLETED,30680,6977,26,6,119,53.10650580900028,0,[],0.6765085280206392,0.6752459208461641,0.6734604964169357,0.6748977891638771,0.6737628487892006,0.6752459208461641,0.5687434454002491,0.7394957983193278,0.7390804597701148,0.7360271998766406,0.7367019015149481,0.7355324074074074,0.7390804597701148,0.6527346324013932,0.6983768546268546,0.1643356269779636,0.7416666666666667
F-SP6__random_forest,F-SP6,18,random_forest,3,COMPLETED,30577,7080,26,6,120,51.429670400000305,0,[],0.7312146892655367,0.7312146892655368,0.731693356582303,0.7316933565823031,0.7380262040387072,0.7312146892655368,0.6416195856873823,0.825,0.825,0.8259057971014492,0.8259057971014492,0.8385897435897436,0.825,0.7666666666666666,0.7977219539719541,0.13838272526020534,0.8250000000000001
F-SP6__random_forest,F-SP6,18,random_forest,4,COMPLETED,29397,8260,25,7,140,49.25941742099985,0,[],0.6530266343825666,0.6530266343825666,0.6587834634491754,0.6587834634491754,0.6721476464994549,0.6530266343825666,0.537368845843422,0.6928571428571428,0.6928571428571428,0.6975346764748939,0.6975346764748939,0.7120777846370933,0.6928571428571428,0.5904761904761905,0.6452257691200636,0.2491419006439063,0.692857142857143
F-ALL14__random_forest,F-ALL14,42,random_forest,0,COMPLETED,29397,8260,25,7,140,76.65419141400025,1,['datetime.datetime.utcnow() is deprecated and scheduled for removal in a future version. Use timezone-aware objects to represent datetimes in UTC: datetime.datetime.now(datetime.UTC).'],0.7030266343825666,0.7030266343825666,0.7034928831911382,0.7034928831911382,0.7077859046390327,0.7030266343825666,0.6040355125100888,0.75,0.75,0.744966323998582,0.744966323998582,0.7479820351913375,0.75,0.6666666666666667,0.7287841127126843,0.2094597558737865,0.75
F-ALL14__random_forest,F-ALL14,42,random_forest,1,COMPLETED,30577,7080,26,6,120,77.411723918,0,[],0.7134180790960452,0.7134180790960452,0.7068575905687298,0.7068575905687299,0.7177269274044233,0.7134180790960452,0.6178907721280602,0.8166666666666667,0.8166666666666667,0.812791022088817,0.812791022088817,0.8423266893959263,0.8166666666666667,0.7555555555555555,0.800849382099382,0.1462081435048486,0.8166666666666668
F-ALL14__random_forest,F-ALL14,42,random_forest,2,COMPLETED,30680,6977,26,6,119,79.54099334000011,0,[],0.6790884334241077,0.6772162956662172,0.6767223357165726,0.6786072841690578,0.6765177776824689,0.6772162956662172,0.5720986457129491,0.7058823529411765,0.7051724137931035,0.7043103448275861,0.7051869023471459,0.7040898617511521,0.7051724137931035,0.6078892863867444,0.6508898508898509,0.15974483106228846,0.7083333333333334
F-ALL14__random_forest,F-ALL14,42,random_forest,3,COMPLETED,30577,7080,26,6,120,78.68709452799976,0,[],0.7261299435028249,0.726129943502825,0.7267708948723745,0.7267708948723745,0.7344923099033733,0.726129943502825,0.6348399246704332,0.8083333333333333,0.8083333333333333,0.8101851851851852,0.8101851851851852,0.831845238095238,0.8083333333333333,0.7444444444444445,0.7844641469641469,0.17540327190631838,0.8083333333333332
F-ALL14__random_forest,F-ALL14,42,random_forest,4,COMPLETED,29397,8260,25,7,140,76.18392560800021,0,[],0.6341404358353511,0.6341404358353511,0.6403111005466506,0.6403111005466506,0.6506137678029563,0.6341404358353511,0.5121872477804681,0.65,0.65,0.6577141914458091,0.6577141914458092,0.6727121715493809,0.65,0.5333333333333333,0.5846763512177046,0.28563511228448807,0.6500000000000001
F-NO-MOMENTS12__random_forest,F-NO-MOMENTS12,36,random_forest,0,COMPLETED,29397,8260,25,7,140,72.52492651300008,1,['datetime.datetime.utcnow() is deprecated and scheduled for removal in a future version. Use timezone-aware objects to represent datetimes in UTC: datetime.datetime.now(datetime.UTC).'],0.6983050847457627,0.6983050847457627,0.6986338960174183,0.6986338960174182,0.7036684258258906,0.6983050847457627,0.5977401129943503,0.75,0.75,0.7455705079269267,0.7455705079269267,0.7500866508219449,0.75,0.6666666666666667,0.727401566687281,0.21165970302013654,0.7500000000000001
F-NO-MOMENTS12__random_forest,F-NO-MOMENTS12,36,random_forest,1,COMPLETED,30577,7080,26,6,120,76.90821863599967,0,[],0.7117231638418079,0.711723163841808,0.7055247607532483,0.7055247607532483,0.71287906937577,0.711723163841808,0.6156308851224106,0.8,0.8,0.7912912258264543,0.7912912258264543,0.8206266377518749,0.8,0.7333333333333334,0.785592648092648,0.12292058637348661,0.7999999999999999
F-NO-MOMENTS12__random_forest,F-NO-MOMENTS12,36,random_forest,2,COMPLETED,30680,6977,26,6,119,79.064769007,0,[],0.6832449476852516,0.6813343792094368,0.6806470027732758,0.6825169706610394,0.6803494425554174,0.6813343792094368,0.5776169762628782,0.7142857142857143,0.7132183908045977,0.7109455355532482,0.7119073364564673,0.7090715874781504,0.7132183908045977,0.6189848384970336,0.6638347763347763,0.1560225969318521,0.7166666666666667
F-NO-MOMENTS12__random_forest,F-NO-MOMENTS12,36,random_forest,3,COMPLETED,30577,7080,26,6,120,74.21377778299984,0,[],0.7259887005649718,0.7259887005649717,0.7269077683533033,0.7269077683533032,0.7354543165684186,0.7259887005649717,0.6346516007532956,0.8083333333333333,0.8083333333333332,0.8092130592130592,0.8092130592130592,0.8371212121212122,0.8083333333333332,0.7444444444444445,0.7805849243349242,0.16522306998903555,0.8083333333333335
F-NO-MOMENTS12__random_forest,F-NO-MOMENTS12,36,random_forest,4,COMPLETED,29397,8260,25,7,140,74.16602414200042,0,[],0.6343825665859564,0.6343825665859564,0.6406892526875254,0.6406892526875254,0.6513365326973838,0.6343825665859564,0.5125100887812752,0.65,0.65,0.6579138805295403,0.6579138805295404,0.6741071428571428,0.65,0.5333333333333333,0.5792187136172099,0.28398173493042866,0.6500000000000001
