candidate_id,feature_arm,model_name,fold,feature_dimension,fit_windows,holdout_windows,holdout_trials,holdout_subjects,fit_seconds,window_accuracy,window_balanced_accuracy,window_macro_f1,window_weighted_f1,window_macro_precision,window_macro_recall,window_cohen_kappa,trial_accuracy,trial_balanced_accuracy,trial_macro_f1,trial_weighted_f1,trial_macro_precision,trial_macro_recall,trial_cohen_kappa
F-TD8__dummy_most_frequent,F-TD8,dummy_most_frequent,0,128,108864,28224,588,7,0.5261354309999433,0.25,0.25,0.1,0.1,0.0625,0.25,0.0,0.25,0.25,0.1,0.1,0.0625,0.25,0.0
F-TD8__dummy_most_frequent,F-TD8,dummy_most_frequent,1,128,108864,28224,588,7,0.5097172519999731,0.25,0.25,0.1,0.1,0.0625,0.25,0.0,0.25,0.25,0.1,0.1,0.0625,0.25,0.0
F-TD8__dummy_most_frequent,F-TD8,dummy_most_frequent,2,128,112896,24192,504,6,0.43642240500003027,0.25,0.25,0.1,0.1,0.0625,0.25,0.0,0.25,0.25,0.1,0.1,0.0625,0.25,0.0
F-TD8__dummy_most_frequent,F-TD8,dummy_most_frequent,3,128,108864,28224,588,7,0.6973134049999317,0.25,0.25,0.1,0.1,0.0625,0.25,0.0,0.25,0.25,0.1,0.1,0.0625,0.25,0.0
F-TD8__dummy_most_frequent,F-TD8,dummy_most_frequent,4,128,108864,28224,588,7,1.0069245270000238,0.25,0.25,0.1,0.1,0.0625,0.25,0.0,0.25,0.25,0.1,0.1,0.0625,0.25,0.0
F-TD8__lda_shrinkage,F-TD8,lda_shrinkage,0,128,108864,28224,588,7,1.9728483229999938,0.8298965419501134,0.8298965419501133,0.8317850490223908,0.8317850490223908,0.848883175226157,0.8298965419501133,0.7731953892668179,0.923469387755102,0.923469387755102,0.9241672765873216,0.9241672765873215,0.9323693203952261,0.923469387755102,0.8979591836734694
F-TD8__lda_shrinkage,F-TD8,lda_shrinkage,1,128,108864,28224,588,7,1.8917884349999667,0.8298965419501134,0.8298965419501134,0.8295314132533007,0.8295314132533006,0.8459058791403071,0.8298965419501134,0.7731953892668179,0.8843537414965986,0.8843537414965985,0.8838051229486688,0.8838051229486686,0.8951883547806431,0.8843537414965985,0.8458049886621315
F-TD8__lda_shrinkage,F-TD8,lda_shrinkage,2,128,112896,24192,504,6,1.9273177419999001,0.8759920634920635,0.8759920634920635,0.8777186804794411,0.8777186804794411,0.886171549446595,0.8759920634920635,0.8346560846560847,0.9682539682539683,0.9682539682539684,0.9681798873161096,0.9681798873161097,0.9686522634054148,0.9682539682539684,0.9576719576719577
F-TD8__lda_shrinkage,F-TD8,lda_shrinkage,3,128,108864,28224,588,7,1.900884837000035,0.8249362244897959,0.824936224489796,0.831082038854262,0.831082038854262,0.8581462378937816,0.824936224489796,0.7665816326530612,0.9030612244897959,0.903061224489796,0.9063446513531781,0.9063446513531782,0.9250248701506366,0.903061224489796,0.8707482993197279
F-TD8__lda_shrinkage,F-TD8,lda_shrinkage,4,128,108864,28224,588,7,3.1050285009999925,0.8618197278911565,0.8618197278911565,0.8644264672151222,0.8644264672151223,0.8792305723031192,0.8618197278911565,0.8157596371882087,0.9506802721088435,0.9506802721088435,0.9508861592144291,0.9508861592144292,0.9529243072061082,0.9506802721088435,0.9342403628117913
F-TD8__logistic_regression,F-TD8,logistic_regression,0,128,108864,28224,588,7,67.28434607400004,0.9067106009070295,0.9067106009070295,0.9066189246818002,0.9066189246818002,0.9113631785922858,0.9067106009070295,0.875614134542706,0.9489795918367347,0.9489795918367346,0.9496733496613723,0.9496733496613722,0.9558837669822263,0.9489795918367346,0.9319727891156463
F-TD8__logistic_regression,F-TD8,logistic_regression,1,128,108864,28224,588,7,68.08020618,0.9225836167800453,0.9225836167800453,0.9218134737839604,0.9218134737839604,0.9230595158626334,0.9225836167800453,0.8967781557067271,0.9591836734693877,0.9591836734693877,0.9591428309323615,0.9591428309323615,0.9604549613307575,0.9591836734693877,0.9455782312925171
F-TD8__logistic_regression,F-TD8,logistic_regression,2,128,112896,24192,504,6,68.44904748900001,0.9446924603174603,0.9446924603174602,0.9448932306278652,0.9448932306278652,0.9466814809660927,0.9446924603174602,0.9262566137566137,0.9880952380952381,0.9880952380952381,0.9880711462450593,0.9880711462450593,0.9880937261874524,0.9880952380952381,0.9841269841269842
F-TD8__logistic_regression,F-TD8,logistic_regression,3,128,108864,28224,588,7,70.04159663899998,0.926374716553288,0.926374716553288,0.9267441975737551,0.9267441975737551,0.9291906366239345,0.926374716553288,0.901832955404384,0.9642857142857143,0.9642857142857142,0.9643833572335122,0.9643833572335121,0.965181556854538,0.9642857142857142,0.9523809523809523
F-TD8__logistic_regression,F-TD8,logistic_regression,4,128,108864,28224,588,7,69.38137626800005,0.9381023242630385,0.9381023242630386,0.9378620152676919,0.937862015267692,0.9388135734061493,0.9381023242630386,0.9174697656840514,0.967687074829932,0.967687074829932,0.9675431278079888,0.9675431278079888,0.9677186550115789,0.967687074829932,0.9569160997732427
F-TD8__linear_svm,F-TD8,linear_svm,0,128,108864,28224,588,7,60.6446003289999,0.9046910430839002,0.9046910430839002,0.9036976240107546,0.9036976240107547,0.9097676227769423,0.9046910430839002,0.8729213907785336,0.9523809523809523,0.9523809523809524,0.952809111569176,0.952809111569176,0.9576160906261032,0.9523809523809524,0.9365079365079365
F-TD8__linear_svm,F-TD8,linear_svm,1,128,108864,28224,588,7,60.462417707999975,0.9287485827664399,0.9287485827664399,0.9276064348429975,0.9276064348429975,0.9285878590765988,0.9287485827664399,0.9049981103552532,0.9642857142857143,0.9642857142857143,0.9640498200556719,0.9640498200556719,0.9651865393582437,0.9642857142857143,0.9523809523809523
F-TD8__linear_svm,F-TD8,linear_svm,2,128,112896,24192,504,6,67.12241762999997,0.9390294312169312,0.9390294312169312,0.9391617267941406,0.9391617267941407,0.9413488367789945,0.9390294312169312,0.9187059082892416,0.9821428571428571,0.9821428571428572,0.9821425759412941,0.9821425759412942,0.9821574803149606,0.9821428571428572,0.9761904761904762
F-TD8__linear_svm,F-TD8,linear_svm,3,128,108864,28224,588,7,63.662336450999874,0.934594671201814,0.934594671201814,0.9350993855769558,0.9350993855769558,0.9387344885698685,0.934594671201814,0.9127928949357521,0.9710884353741497,0.9710884353741497,0.9711995677912941,0.9711995677912942,0.9721937066506925,0.9710884353741497,0.9614512471655329
F-TD8__linear_svm,F-TD8,linear_svm,4,128,108864,28224,588,7,61.96315566699991,0.9328939909297053,0.9328939909297052,0.9325178640068361,0.9325178640068361,0.9341693271102531,0.9328939909297052,0.9105253212396069,0.9693877551020408,0.9693877551020408,0.9693027818027818,0.9693027818027817,0.9697138396665219,0.9693877551020408,0.9591836734693877
F-SP6__dummy_most_frequent,F-SP6,dummy_most_frequent,0,96,108864,28224,588,7,1.0425167700000202,0.25,0.25,0.1,0.1,0.0625,0.25,0.0,0.25,0.25,0.1,0.1,0.0625,0.25,0.0
F-SP6__dummy_most_frequent,F-SP6,dummy_most_frequent,1,96,108864,28224,588,7,1.2106997500000034,0.25,0.25,0.1,0.1,0.0625,0.25,0.0,0.25,0.25,0.1,0.1,0.0625,0.25,0.0
F-SP6__dummy_most_frequent,F-SP6,dummy_most_frequent,2,96,112896,24192,504,6,1.0902534940000805,0.25,0.25,0.1,0.1,0.0625,0.25,0.0,0.25,0.25,0.1,0.1,0.0625,0.25,0.0
F-SP6__dummy_most_frequent,F-SP6,dummy_most_frequent,3,96,108864,28224,588,7,1.0648436439998932,0.25,0.25,0.1,0.1,0.0625,0.25,0.0,0.25,0.25,0.1,0.1,0.0625,0.25,0.0
F-SP6__dummy_most_frequent,F-SP6,dummy_most_frequent,4,96,108864,28224,588,7,0.6575482869998268,0.25,0.25,0.1,0.1,0.0625,0.25,0.0,0.25,0.25,0.1,0.1,0.0625,0.25,0.0
F-SP6__lda_shrinkage,F-SP6,lda_shrinkage,0,96,108864,28224,588,7,1.6948441060001187,0.824015022675737,0.824015022675737,0.8264260642545269,0.8264260642545268,0.8346129959139507,0.824015022675737,0.7653533635676493,0.9132653061224489,0.9132653061224489,0.9135674356221404,0.9135674356221403,0.9152309280554616,0.9132653061224489,0.8843537414965986
F-SP6__lda_shrinkage,F-SP6,lda_shrinkage,1,96,108864,28224,588,7,1.6081378850001329,0.7780612244897959,0.778061224489796,0.780296603305522,0.7802966033055219,0.7960687043243065,0.778061224489796,0.7040816326530612,0.8469387755102041,0.846938775510204,0.847365223355143,0.8473652233551431,0.8603527524709791,0.846938775510204,0.7959183673469388
F-SP6__lda_shrinkage,F-SP6,lda_shrinkage,2,96,112896,24192,504,6,1.7890596970000843,0.8482969576719577,0.8482969576719577,0.852556099747355,0.852556099747355,0.8710656793094704,0.8482969576719577,0.7977292768959435,0.9246031746031746,0.9246031746031745,0.9257036195570475,0.9257036195570475,0.9361874236874237,0.9246031746031745,0.8994708994708995
F-SP6__lda_shrinkage,F-SP6,lda_shrinkage,3,96,108864,28224,588,7,4.684297633999904,0.8431831065759637,0.8431831065759636,0.8452167415099741,0.8452167415099741,0.850814519417985,0.8431831065759636,0.7909108087679516,0.923469387755102,0.9234693877551021,0.9236230565775385,0.9236230565775384,0.924049747245138,0.9234693877551021,0.8979591836734694
F-SP6__lda_shrinkage,F-SP6,lda_shrinkage,4,96,108864,28224,588,7,1.9405679039998631,0.8017998866213152,0.8017998866213152,0.7984422519698043,0.7984422519698042,0.8012582429704942,0.8017998866213152,0.7357331821617537,0.8571428571428571,0.8571428571428571,0.8521440517825984,0.8521440517825983,0.858131454500019,0.8571428571428571,0.8095238095238095
F-SP6__logistic_regression,F-SP6,logistic_regression,0,96,108864,28224,588,7,59.910339169999816,0.9319019274376418,0.9319019274376418,0.9320209420718418,0.9320209420718418,0.9337699381822833,0.9319019274376418,0.9092025699168557,0.9727891156462585,0.9727891156462585,0.9729252071241717,0.9729252071241716,0.9734731978107687,0.9727891156462585,0.963718820861678
F-SP6__logistic_regression,F-SP6,logistic_regression,1,96,108864,28224,588,7,72.47813408699994,0.9274022108843537,0.9274022108843537,0.9269250271833389,0.926925027183339,0.9278855809938042,0.9274022108843537,0.903202947845805,0.9659863945578231,0.9659863945578231,0.9659255596220451,0.9659255596220451,0.967439974183418,0.9659863945578231,0.9546485260770975
F-SP6__logistic_regression,F-SP6,logistic_regression,2,96,112896,24192,504,6,82.92494513499992,0.9308862433862434,0.9308862433862434,0.9312558441964047,0.9312558441964048,0.9368393127205555,0.9308862433862434,0.9078483245149912,0.9761904761904762,0.9761904761904763,0.9762186763266414,0.9762186763266414,0.9776176470588236,0.9761904761904763,0.9682539682539683
F-SP6__logistic_regression,F-SP6,logistic_regression,3,96,108864,28224,588,7,74.75515807400006,0.9402990362811792,0.9402990362811792,0.940346859905524,0.9403468599055239,0.9422143567184728,0.9402990362811792,0.9203987150415722,0.9795918367346939,0.979591836734694,0.9795522340451924,0.9795522340451924,0.9802195887068665,0.979591836734694,0.9727891156462585
F-SP6__logistic_regression,F-SP6,logistic_regression,4,96,108864,28224,588,7,80.24326782599996,0.9246740362811792,0.9246740362811792,0.9245720335360907,0.9245720335360906,0.9254766732827625,0.9246740362811792,0.8995653817082389,0.9625850340136054,0.9625850340136055,0.9624902287458135,0.9624902287458135,0.9640202157715732,0.9625850340136055,0.9501133786848073
F-SP6__linear_svm,F-SP6,linear_svm,0,96,108864,28224,588,7,49.05188593699995,0.9296697845804989,0.9296697845804989,0.9299062346087708,0.9299062346087708,0.931961245747175,0.9296697845804989,0.9062263794406652,0.9710884353741497,0.9710884353741496,0.9712740085568121,0.9712740085568121,0.9719547253754883,0.9710884353741496,0.9614512471655329
F-SP6__linear_svm,F-SP6,linear_svm,1,96,108864,28224,588,7,175.53568612899994,0.9150722789115646,0.9150722789115646,0.9144256681173836,0.9144256681173836,0.9153723549404066,0.9150722789115646,0.8867630385487528,0.9659863945578231,0.9659863945578231,0.9659230809672507,0.9659230809672505,0.9668425121726543,0.9659863945578231,0.9546485260770975
F-SP6__linear_svm,F-SP6,linear_svm,2,96,112896,24192,504,6,64.78685445199994,0.927786044973545,0.9277860449735449,0.9281328607176118,0.9281328607176118,0.934507183360273,0.9277860449735449,0.9037147266313933,0.9821428571428571,0.9821428571428572,0.9819856107817804,0.9819856107817804,0.9828224101479915,0.9821428571428572,0.9761904761904762
F-SP6__linear_svm,F-SP6,linear_svm,3,96,108864,28224,588,7,115.43038132499987,0.9403344671201814,0.9403344671201814,0.9405303787981332,0.9405303787981332,0.9428147176880045,0.9403344671201814,0.9204459561602418,0.9795918367346939,0.9795918367346939,0.979598789124162,0.979598789124162,0.9799522130544931,0.9795918367346939,0.9727891156462585
F-SP6__linear_svm,F-SP6,linear_svm,4,96,108864,28224,588,7,82.84031375899986,0.9074900793650794,0.9074900793650794,0.9071616591701528,0.9071616591701528,0.9082543620619584,0.9074900793650794,0.8766534391534392,0.9506802721088435,0.9506802721088435,0.9505323334659681,0.9505323334659681,0.952176786852983,0.9506802721088435,0.9342403628117913
F-ALL14__dummy_most_frequent,F-ALL14,dummy_most_frequent,0,224,108864,28224,588,7,0.49940637600002447,0.25,0.25,0.1,0.1,0.0625,0.25,0.0,0.25,0.25,0.1,0.1,0.0625,0.25,0.0
F-ALL14__dummy_most_frequent,F-ALL14,dummy_most_frequent,1,224,108864,28224,588,7,0.5121488670001781,0.25,0.25,0.1,0.1,0.0625,0.25,0.0,0.25,0.25,0.1,0.1,0.0625,0.25,0.0
F-ALL14__dummy_most_frequent,F-ALL14,dummy_most_frequent,2,224,112896,24192,504,6,0.45190328900025634,0.25,0.25,0.1,0.1,0.0625,0.25,0.0,0.25,0.25,0.1,0.1,0.0625,0.25,0.0
F-ALL14__dummy_most_frequent,F-ALL14,dummy_most_frequent,3,224,108864,28224,588,7,0.4886978879999333,0.25,0.25,0.1,0.1,0.0625,0.25,0.0,0.25,0.25,0.1,0.1,0.0625,0.25,0.0
F-ALL14__dummy_most_frequent,F-ALL14,dummy_most_frequent,4,224,108864,28224,588,7,0.5104249089999939,0.25,0.25,0.1,0.1,0.0625,0.25,0.0,0.25,0.25,0.1,0.1,0.0625,0.25,0.0
F-ALL14__lda_shrinkage,F-ALL14,lda_shrinkage,0,224,108864,28224,588,7,3.4220747750000555,0.9270833333333334,0.9270833333333334,0.9281694109445817,0.9281694109445816,0.9346048502660823,0.9270833333333334,0.9027777777777778,0.9744897959183674,0.9744897959183673,0.9746615002357665,0.9746615002357666,0.9758043248945147,0.9744897959183673,0.9659863945578231
F-ALL14__lda_shrinkage,F-ALL14,lda_shrinkage,1,224,108864,28224,588,7,5.587400749000153,0.9003330498866213,0.9003330498866213,0.9002924258603556,0.9002924258603557,0.9062828201119766,0.9003330498866213,0.8671107331821617,0.9370748299319728,0.9370748299319728,0.9369446870512476,0.9369446870512476,0.940198527326799,0.9370748299319728,0.9160997732426304
F-ALL14__lda_shrinkage,F-ALL14,lda_shrinkage,2,224,112896,24192,504,6,2.8510206500000095,0.9255952380952381,0.925595238095238,0.9275300633132126,0.9275300633132127,0.9377865687082265,0.925595238095238,0.9007936507936508,0.9781746031746031,0.9781746031746033,0.97832074438971,0.97832074438971,0.9794653524492234,0.9781746031746033,0.9708994708994709
F-ALL14__lda_shrinkage,F-ALL14,lda_shrinkage,3,224,108864,28224,588,7,2.7772205629999007,0.9208475056689343,0.9208475056689343,0.9215996704550945,0.9215996704550944,0.9278878233049064,0.9208475056689343,0.8944633408919123,0.9540816326530612,0.9540816326530612,0.9541581911847619,0.9541581911847618,0.9573010351264212,0.9540816326530612,0.9387755102040817
F-ALL14__lda_shrinkage,F-ALL14,lda_shrinkage,4,224,108864,28224,588,7,3.072045980999974,0.9159226190476191,0.9159226190476191,0.9161830328347772,0.9161830328347772,0.9173082827761037,0.9159226190476191,0.8878968253968254,0.9608843537414966,0.9608843537414966,0.9608174658519193,0.9608174658519192,0.9618722284427407,0.9608843537414966,0.9478458049886621
F-ALL14__logistic_regression,F-ALL14,logistic_regression,0,224,108864,28224,588,7,76.210882201,0.9308035714285714,0.9308035714285714,0.9309482188317393,0.9309482188317393,0.9338860688961219,0.9308035714285714,0.9077380952380952,0.9710884353741497,0.9710884353741496,0.971386109415321,0.9713861094153209,0.9732474940187865,0.9710884353741496,0.9614512471655329
F-ALL14__logistic_regression,F-ALL14,logistic_regression,1,224,108864,28224,588,7,81.76966497199965,0.9432043650793651,0.943204365079365,0.9428986332686718,0.942898633268672,0.944335923889061,0.943204365079365,0.9242724867724867,0.9693877551020408,0.9693877551020408,0.9693119319917881,0.969311931991788,0.971799574805119,0.9693877551020408,0.9591836734693877
F-ALL14__logistic_regression,F-ALL14,logistic_regression,2,224,112896,24192,504,6,91.32984091400021,0.9544477513227513,0.9544477513227514,0.9547773685236269,0.9547773685236269,0.9568321355197402,0.9544477513227514,0.939263668430335,0.9920634920634921,0.9920634920634921,0.9920628075931568,0.9920628075931568,0.9921699174793699,0.9920634920634921,0.9894179894179894
F-ALL14__logistic_regression,F-ALL14,logistic_regression,3,224,108864,28224,588,7,86.39891981899973,0.9548256802721088,0.9548256802721088,0.9550001050260879,0.955000105026088,0.9565325803524204,0.9548256802721088,0.9397675736961452,0.9880952380952381,0.9880952380952381,0.9880934473270631,0.9880934473270631,0.9883774834437086,0.9880952380952381,0.9841269841269842
F-ALL14__logistic_regression,F-ALL14,logistic_regression,4,224,108864,28224,588,7,84.39881473300011,0.9509282879818595,0.9509282879818594,0.9509129022236977,0.9509129022236976,0.9514184504376998,0.9509282879818594,0.9345710506424793,0.9795918367346939,0.9795918367346939,0.9795658633893299,0.9795658633893298,0.9797657411090039,0.9795918367346939,0.9727891156462585
F-ALL14__linear_svm,F-ALL14,linear_svm,0,224,108864,28224,588,7,209.08728968200012,0.9306972789115646,0.9306972789115646,0.9306824823840174,0.9306824823840174,0.9348794916556332,0.9306972789115646,0.9075963718820862,0.9727891156462585,0.9727891156462585,0.9730248963833532,0.9730248963833532,0.9750788022064618,0.9727891156462585,0.963718820861678
F-ALL14__linear_svm,F-ALL14,linear_svm,1,224,108864,28224,588,7,404.08409031400015,0.9471017573696145,0.9471017573696144,0.9466627502269345,0.9466627502269345,0.9479187090110687,0.9471017573696144,0.9294690098261527,0.9710884353741497,0.9710884353741497,0.9710289269541841,0.971028926954184,0.972803207378647,0.9710884353741497,0.9614512471655329
F-ALL14__linear_svm,F-ALL14,linear_svm,2,224,112896,24192,504,6,434.115089163,0.9539103835978836,0.9539103835978835,0.9542912233581935,0.9542912233581934,0.9568930464347768,0.9539103835978835,0.9385471781305115,0.998015873015873,0.998015873015873,0.9980158417712549,0.9980158417712549,0.9980314960629921,0.998015873015873,0.9973544973544973
F-ALL14__linear_svm,F-ALL14,linear_svm,3,224,108864,28224,588,7,365.76270421000027,0.9575538548752834,0.9575538548752834,0.9577368335982799,0.9577368335982799,0.9594305286336517,0.9575538548752834,0.9434051398337112,0.9897959183673469,0.9897959183673469,0.9898005384191685,0.9898005384191684,0.9899776286353468,0.9897959183673469,0.9863945578231292
F-ALL14__linear_svm,F-ALL14,linear_svm,4,224,108864,28224,588,7,389.36717983300014,0.9473497732426304,0.9473497732426305,0.947334265796679,0.9473342657966792,0.9479999241429434,0.9473497732426305,0.9297996976568406,0.9829931972789115,0.9829931972789115,0.9829511349455826,0.9829511349455825,0.9830353303507665,0.9829931972789115,0.9773242630385488
F-NO-MOMENTS12__dummy_most_frequent,F-NO-MOMENTS12,dummy_most_frequent,0,192,108864,28224,588,7,0.4986069739998129,0.25,0.25,0.1,0.1,0.0625,0.25,0.0,0.25,0.25,0.1,0.1,0.0625,0.25,0.0
F-NO-MOMENTS12__dummy_most_frequent,F-NO-MOMENTS12,dummy_most_frequent,1,192,108864,28224,588,7,0.5011949600002481,0.25,0.25,0.1,0.1,0.0625,0.25,0.0,0.25,0.25,0.1,0.1,0.0625,0.25,0.0
F-NO-MOMENTS12__dummy_most_frequent,F-NO-MOMENTS12,dummy_most_frequent,2,192,112896,24192,504,6,0.7805634879996433,0.25,0.25,0.1,0.1,0.0625,0.25,0.0,0.25,0.25,0.1,0.1,0.0625,0.25,0.0
F-NO-MOMENTS12__dummy_most_frequent,F-NO-MOMENTS12,dummy_most_frequent,3,192,108864,28224,588,7,0.996383839000373,0.25,0.25,0.1,0.1,0.0625,0.25,0.0,0.25,0.25,0.1,0.1,0.0625,0.25,0.0
F-NO-MOMENTS12__dummy_most_frequent,F-NO-MOMENTS12,dummy_most_frequent,4,192,108864,28224,588,7,0.9746888290001152,0.25,0.25,0.1,0.1,0.0625,0.25,0.0,0.25,0.25,0.1,0.1,0.0625,0.25,0.0
F-NO-MOMENTS12__lda_shrinkage,F-NO-MOMENTS12,lda_shrinkage,0,192,108864,28224,588,7,2.631558858000062,0.9194657029478458,0.9194657029478459,0.9209293645981601,0.9209293645981601,0.9284640219366896,0.9194657029478459,0.8926209372637944,0.967687074829932,0.967687074829932,0.9679319290785572,0.9679319290785573,0.9692864574302064,0.967687074829932,0.9569160997732427
F-NO-MOMENTS12__lda_shrinkage,F-NO-MOMENTS12,lda_shrinkage,1,192,108864,28224,588,7,2.516215693000049,0.8917233560090703,0.8917233560090703,0.8918457871920519,0.8918457871920518,0.9002058984948142,0.8917233560090703,0.8556311413454271,0.9319727891156463,0.9319727891156462,0.9319889551920089,0.9319889551920089,0.9365022497534516,0.9319727891156462,0.909297052154195
F-NO-MOMENTS12__lda_shrinkage,F-NO-MOMENTS12,lda_shrinkage,2,192,112896,24192,504,6,2.5466975630006345,0.918030753968254,0.918030753968254,0.9201997815869111,0.9201997815869111,0.9334062570913972,0.918030753968254,0.890707671957672,0.9682539682539683,0.9682539682539683,0.9684642523130679,0.968464252313068,0.971830985915493,0.9682539682539683,0.9576719576719577
F-NO-MOMENTS12__lda_shrinkage,F-NO-MOMENTS12,lda_shrinkage,3,192,108864,28224,588,7,5.4600676509999175,0.9155683106575964,0.9155683106575964,0.9163562740134887,0.9163562740134888,0.924276169134801,0.9155683106575964,0.8874244142101285,0.9506802721088435,0.9506802721088435,0.950954914600812,0.950954914600812,0.9546654929577465,0.9506802721088435,0.9342403628117913
F-NO-MOMENTS12__lda_shrinkage,F-NO-MOMENTS12,lda_shrinkage,4,192,108864,28224,588,7,2.539790376000383,0.9071357709750567,0.9071357709750567,0.9073810805767977,0.9073810805767977,0.9087252985879051,0.9071357709750567,0.8761810279667422,0.9472789115646258,0.9472789115646258,0.9470932688905273,0.9470932688905274,0.949140581490269,0.9472789115646258,0.9297052154195011
F-NO-MOMENTS12__logistic_regression,F-NO-MOMENTS12,logistic_regression,0,192,108864,28224,588,7,83.37423611200029,0.9320790816326531,0.9320790816326531,0.9321972583703759,0.9321972583703759,0.9352007250398874,0.9320790816326531,0.909438775510204,0.9727891156462585,0.9727891156462585,0.9730171853793274,0.9730171853793274,0.9746760679796395,0.9727891156462585,0.963718820861678
F-NO-MOMENTS12__logistic_regression,F-NO-MOMENTS12,logistic_regression,1,192,108864,28224,588,7,85.11364624699945,0.9445507369614512,0.9445507369614512,0.9442433175383639,0.9442433175383638,0.945647109515371,0.9445507369614512,0.926067649281935,0.9693877551020408,0.9693877551020408,0.9693119319917881,0.969311931991788,0.971799574805119,0.9693877551020408,0.9591836734693877
F-NO-MOMENTS12__logistic_regression,F-NO-MOMENTS12,logistic_regression,2,192,112896,24192,504,6,85.26124818400058,0.9549851190476191,0.9549851190476191,0.9553175310238917,0.9553175310238917,0.9575495707790171,0.9549851190476191,0.9399801587301587,0.9920634920634921,0.9920634920634921,0.9920628075931568,0.9920628075931568,0.9921699174793699,0.9920634920634921,0.9894179894179894
F-NO-MOMENTS12__logistic_regression,F-NO-MOMENTS12,logistic_regression,3,192,108864,28224,588,7,84.36117111699969,0.9576955782312925,0.9576955782312926,0.9577860559752819,0.9577860559752818,0.9590878841451009,0.9576955782312926,0.94359410430839,0.9931972789115646,0.9931972789115646,0.9931960194399444,0.9931960194399444,0.9933774834437086,0.9931972789115646,0.9909297052154195
F-NO-MOMENTS12__logistic_regression,F-NO-MOMENTS12,logistic_regression,4,192,108864,28224,588,7,86.00176428799932,0.9502905328798186,0.9502905328798186,0.9502850322521471,0.9502850322521471,0.9508019044843771,0.9502905328798186,0.9337207105064248,0.9795918367346939,0.9795918367346939,0.9795658633893299,0.9795658633893298,0.9797657411090039,0.9795918367346939,0.9727891156462585
F-NO-MOMENTS12__linear_svm,F-NO-MOMENTS12,linear_svm,0,192,108864,28224,588,7,151.2562393670005,0.9303429705215419,0.9303429705215419,0.930320025663574,0.9303200256635741,0.9346271644003602,0.9303429705215419,0.9071239606953893,0.9710884353741497,0.9710884353741496,0.9713495128476954,0.9713495128476953,0.9736870730539965,0.9710884353741496,0.9614512471655329
F-NO-MOMENTS12__linear_svm,F-NO-MOMENTS12,linear_svm,1,192,108864,28224,588,7,333.260059708,0.9479166666666666,0.9479166666666666,0.9474742935332408,0.9474742935332409,0.9487037851405826,0.9479166666666666,0.9305555555555556,0.9693877551020408,0.9693877551020408,0.9693189900426742,0.9693189900426741,0.9709955969734536,0.9693877551020408,0.9591836734693877
F-NO-MOMENTS12__linear_svm,F-NO-MOMENTS12,linear_svm,2,192,112896,24192,504,6,278.8893325879999,0.9536623677248677,0.9536623677248677,0.9540429881712447,0.9540429881712448,0.9567342827447349,0.9536623677248677,0.9382164902998237,0.9940476190476191,0.9940476190476191,0.9940313055777309,0.9940313055777309,0.9941252460629921,0.9940476190476191,0.9920634920634921
F-NO-MOMENTS12__linear_svm,F-NO-MOMENTS12,linear_svm,3,192,108864,28224,588,7,302.49648891500055,0.9571641156462585,0.9571641156462585,0.9573333752315669,0.9573333752315668,0.9590082227997433,0.9571641156462585,0.9428854875283447,0.9897959183673469,0.9897959183673469,0.9898005384191685,0.9898005384191684,0.9899776286353468,0.9897959183673469,0.9863945578231292
F-NO-MOMENTS12__linear_svm,F-NO-MOMENTS12,linear_svm,4,192,108864,28224,588,7,265.6150714690002,0.9472080498866213,0.9472080498866213,0.9472082796143326,0.9472082796143326,0.9478975360062347,0.9472080498866213,0.9296107331821617,0.9829931972789115,0.9829931972789115,0.9829511349455826,0.9829511349455825,0.9830353303507665,0.9829931972789115,0.9773242630385488
