dataset_id,canonical_name,category,task_a_fit,task_b_fit,task_c_fit,access_class,license_class,license_text,population,subjects,sessions_days,channels,sampling_rate_hz,format,cross_session,fatigue_context,clinical_relevance,mfcv_eligibility,evidence_status,conflict_flag,operational_decision,source_reports,last_checked
GRABMYO_V1_1,GRABMyo,PRIORITY_FREE_CORE,strong,weak_proxy,partial_repeatability,FREE_OPEN_NO_REGISTRATION,COMMERCIAL_USE_PERMITTED,CC BY 4.0,healthy,43,3 days,32 reported; forearm/wrist configuration,2048,WFDB .dat/.hea reported,yes,no direct fatigue label,engineering baseline only,NOT_VERIFIED,OFFICIAL_VERIFIED_IN_SOURCE_REPORT,gesture count 16 vs 17 across reports,GO_FOR_DATA_ENGINEERING; do not freeze gesture count until canonical page inspected,S1;S3;S4,2026-07-24
GRABMYOFLOW_V1_0,GRABMyoFlow,PRIORITY_FREE_CONDITIONAL,strong_dynamic_transitions,weak_proxy,partial_robustness,FREE_OPEN_NO_REGISTRATION,LICENSE_AMBIGUOUS,CC BY 4.0 in one report; detail not deeply verified in another,healthy,20 extension; 63 across GRABMyo family reported,multi-day reported,wrist recordings; exact contract to verify,TO_VERIFY,PhysioNet-style reported,yes,no direct clinical fatigue label,transition/segmentation robustness,NOT_VERIFIED,CONFLICTING,license certainty and exact cohort semantics,GO_AFTER_LICENSE_PAGE_CAPTURE,S2;S4,2026-07-24
HYSER,Hyser,PRIORITY_FREE_CORE,strong_hd_semg,moderate_proxy_mvc_force,strong_metric_support,FREE_OPEN_NO_REGISTRATION,COMMERCIAL_USE_PERMITTED,ODC-BY 1.0,healthy,20,2 days,256 HD-sEMG,2048,WFDB .dat/.hea + labels,yes,MVC/force support; not direct fatigue labels,HD spatial/force contract and repeatability,DATASET_LEVEL_RESEARCH_ONLY; site not implied,OFFICIAL_VERIFIED_IN_SOURCE_REPORT,none material for Day25,GO_FOR_DATA_ENGINEERING_AND_RESEARCH_BRANCH,S1;S3;S4,2026-07-24
CERQUEIRA_FATIGUE,A Dataset of sEMG and Self-Perceived Fatigue Levels for Muscle Fatigue Analysis,PRIORITY_FREE_CORE,weak,very_strong_public_proxy,partial_endurance,FREE_OPEN_NO_REGISTRATION,COMMERCIAL_USE_PERMITTED,CC BY 4.0,healthy,13,TO_VERIFY,8 muscles,1259,CSV raw sEMG + time-stamped fatigue labels,not established,self-perceived fatigue 0–2,Task B engineering; not stroke transfer,NO,OFFICIAL_VERIFIED_IN_SOURCE_REPORT,none material; do not confuse with other Zenodo fatigue records,GO_FOR_TASK_B_DATA_CONTRACT,S2;S4,2026-07-24
MENDELEY_4CH_GESTURE,Dataset for multi-channel surface electromyography signals of hand gestures,PRIORITY_FREE_CORE,very_strong_label_overlap,weak,weak,FREE_OPEN_NO_REGISTRATION,COMMERCIAL_USE_PERMITTED,CC BY 4.0,healthy,40,single-session or TO_VERIFY,4,TO_VERIFY,TO_VERIFY from data dictionary,no evidence,none,closest public sparse label vocabulary,NO,OFFICIAL_VERIFIED_IN_SOURCE_REPORT,hand_open/hand_close mapping must not be assumed from grip classes,GO_FOR_LABEL_MAPPER_AND_SPARSE_ADAPTER,S4,2026-07-24
LUCCHETTI_POST_STROKE_KIN_EMG,A Kinematic and EMG Dataset for Upper Limb and Hand Movement Analysis in Post-Stroke and Healthy Subjects,PRIORITY_FREE_CORE,weak,weak,very_strong,FREE_OPEN_NO_REGISTRATION,COMMERCIAL_USE_PERMITTED,CC BY 4.0 on FigShare according to report,10 healthy + 10 post-stroke reported,20 reported,TO_VERIFY,24 wireless EMG across 12 muscles per limb reported,TO_VERIFY,MAT reported,TO_VERIFY,not primary,"symmetry,co-contraction,reference similarity,kinematics",NO SITE INFERENCE,OFFICIAL_VERIFIED_IN_SOURCE_REPORT,do not merge with separate Mendeley post-stroke reaching record,GO_FOR_TASK_C_METRIC_PROVENANCE,S4,2026-07-24
MENDELEY_POST_STROKE_REACHING,Post-stroke reaching sEMG dataset,PRIORITY_FREE_CORE,weak,weak,strong,FREE_OPEN_NO_REGISTRATION,COMMERCIAL_USE_PERMITTED,CC BY 4.0,12 healthy + 13 post-stroke reported,25 reported,TO_VERIFY,8 muscles shoulder/arm,TO_VERIFY,TO_VERIFY,TO_VERIFY,not primary,rehabilitation metric baseline; not hand classifier,NO,OFFICIAL_VERIFIED_IN_SOURCE_REPORT,may be separate from Lucchetti dataset; canonical DOI must be captured,GO_AFTER_CANONICAL_RECORD_ID_CAPTURE,S1;S2,2026-07-24
PUTEMG,putEMG,USEFUL_RESEARCH_ONLY,strong,weak_proxy,partial,FREE_OPEN_NO_REGISTRATION,NONCOMMERCIAL_ONLY,CC BY-NC 4.0; scripts MIT,healthy,44,repeated session reported,24,TO_VERIFY,HDF5/CSV,yes reported,force/MVC proxy in related assets,parser/continuous segmentation research,NO SITE INFERENCE,OFFICIAL_VERIFIED_IN_SOURCE_REPORT,none; legal constraint is explicit,RESEARCH_ONLY; EXCLUDE_FROM_COMMERCIAL_REUSE_PATH,S1;S3;S4,2026-07-24
PHYSIOMIO,PhysioMio,RESTRICTED_REFERENCE,clinical_reference,weak,very_strong_longitudinal_stroke,FREE_WITH_DUA_OR_APPLICATION,CUSTOM_AGREEMENT_REQUIRED,Custom DUA; research use; redistribution prohibited,stroke patients,48,longitudinal rehabilitation sessions,64 HD-sEMG,2048,Parquet reported,yes,not primary,highest stroke longitudinal relevance in reviewed sources,DATASET_LEVEL_RESEARCH_ONLY,REPOSITORY_AND_PEER_REVIEWED_VERIFIED_IN_SOURCE_REPORT,none material; access governance is restrictive,REFERENCE; DO_NOT_DOWNLOAD_WITHOUT_DUA_IRB,S1;S2;S4,2026-07-24
PHYSIONET_HAND_KINEMATICS_SEMG,Hand kinematics and HD-sEMG dataset,RESTRICTED_REFERENCE,partial,weak,strong_multimodal,FREE_WITH_DUA_OR_APPLICATION,CUSTOM_AGREEMENT_REQUIRED,PhysioNet Restricted Health Data Use Agreement 1.5.0,TO_VERIFY,TO_VERIFY,TO_VERIFY,HD-sEMG forearm/wrist,TO_VERIFY,PhysioNet restricted record,TO_VERIFY,not primary,multimodal motion intent reference,DATASET_LEVEL_RESEARCH_ONLY,OFFICIAL_VERIFIED_IN_SOURCE_REPORT,none material,REFERENCE_ONLY_UNTIL_DUA,S4,2026-07-24
REACH_AND_GRASP,Reach&Grasp multimodal dataset,DATA_CONTRACT_REFERENCE,partial,weak,strong_provenance_reference,ACCESS_UNKNOWN,LICENSE_AMBIGUOUS,Repository code MIT reported; dataset terms require separate verification,TO_VERIFY,TO_VERIFY,TO_VERIFY,bipolar EMG + HD-EMG + motion/tactile reported,TO_VERIFY,"BIDS-like *_channels.tsv, *_emg.csv, *_emg.json reported",TO_VERIFY,not primary,excellent sidecar/data-contract pattern,NOT_FOR_SITE_INFERENCE,REPOSITORY_AND_PEER_REVIEWED_VERIFIED_IN_SOURCE_REPORT,dataset license not fully verified,REFERENCE_SCHEMA_PATTERN_ONLY,S2,2026-07-24
NINAPRO_FAMILY,Ninapro DB1/DB2/DB6,TO_VERIFY,strong,weak,partial_repeatability,PUBLIC_DOWNLOAD_REPORTED,LICENSE_NOT_FOUND,Explicit downstream/commercial license not verified in reviewed official pages,healthy; other DBs may vary,DB1 27; DB2 40; DB6 10 reported,DB6 twice/day for 5 days reported,DB-specific,DB-specific; DB6 2000 reported,MATLAB variables reported,yes for DB6,none direct,benchmark only; exact label remap required,NO SITE INFERENCE,OFFICIAL_METADATA_VERIFIED_LICENSE_NOT_VERIFIED,license and exact task mapping,DO_NOT_REUSE_UNTIL_LICENSE_AND_DB_SELECTION_VERIFIED,S1;S2;S3;S4,2026-07-24
CAPGMYO,CapgMyo,TO_VERIFY,strong_hd_semg,weak,partial,ACCESS_CONFLICTING,LICENSE_AMBIGUOUS,CC0 in one report; license/access not verified or fetch conflict in others,healthy,DB-a 18 reported,TO_VERIFY,128 HD-sEMG; 8×16 array reported,TO_VERIFY,TO_VERIFY,sub-database dependent,none direct,HD spatial research only,DATASET_LEVEL_RESEARCH_ONLY,CONFLICTING,license/access evidence conflict,NO_REUSE_UNTIL_CANONICAL_LICENSE_CAPTURE,S1;S2;S3;S4,2026-07-24
GREAT,GREAT,TO_VERIFY,strong_robustness,weak,partial,FREE_OPEN_REPORTED,LICENSE_NOT_FOUND,License not verified in reviewed page,healthy,8,2 days; 5 arm positions reported,16 electrodes in two rows of 8,2000,HDF5 + CSV/TXT metadata,yes,none direct,arm-position/electrode-shift robustness,NO SITE INFERENCE,OFFICIAL_METADATA_VERIFIED_LICENSE_NOT_VERIFIED,license,TO_VERIFY_LICENSE_BEFORE_USE,S2;S4,2026-07-24
CSL_HDEMG,CSL-HDEMG,TO_VERIFY,strong,weak,partial,FREE_WITH_REGISTRATION,LICENSE_NOT_FOUND,Not verified,healthy,5 reported,5 sessions reported,HD-sEMG,TO_VERIFY,registration download,yes,none,finger gesture research,DATASET_LEVEL_RESEARCH_ONLY,ACCESS_VERIFIED_LEGAL_NOT_VERIFIED,license,TO_VERIFY,S3;S4,2026-07-24
MMGEST,mmGest,TO_VERIFY,partial_multimodal,weak,partial,FREE_WITH_REGISTRATION,LICENSE_NOT_FOUND,Not verified,healthy,5 reported,5 sessions reported,EMG+IMU,TO_VERIFY,registration download,yes,none,fusion/session variation,NO,ACCESS_VERIFIED_LEGAL_NOT_VERIFIED,license,TO_VERIFY,S3;S4,2026-07-24
UCD_MYOVERSE_HAND_1,UCD-MyoVerse-Hand-1,TO_VERIFY,strong,weak,partial_fairness,FREE_OPEN_REPORTED,LICENSE_NOT_FOUND,Not verified from OSF source in reports,healthy diverse adults,91 reported,6 sessions reported,12 electrodes,TO_VERIFY,PKL reported,yes,none,fairness/calibration context,NO,PEER_REVIEWED_METADATA_VERIFIED_LEGAL_NOT_VERIFIED,license,TO_VERIFY,S4,2026-07-24
MALESEVIC_65,65 isometric hand gestures dataset,TO_VERIFY,strong_repertoire,weak,partial,FREE_OPEN_REPORTED,LICENSE_NOT_FOUND,Not verified,healthy,20 reported,TO_VERIFY,128 via two grids reported,TO_VERIFY,TO_VERIFY,TO_VERIFY,none,gesture repertoire research,DATASET_LEVEL_RESEARCH_ONLY,PEER_REVIEWED_METADATA_VERIFIED_LEGAL_NOT_VERIFIED,license,TO_VERIFY,S4,2026-07-24
ROJAS_MARTINEZ_ELBOW_HDEMG,Rojas-Martínez elbow HD-sEMG,TO_VERIFY,partial,weak,strong_spatial_torque,FREE_OPEN_REPORTED,LICENSE_AMBIGUOUS,Figshare legal reuse not verified in reports,healthy,12 reported,TO_VERIFY,3 arrays 2D,2048,raw ASCII + ReferencePoints reported,TO_VERIFY,isometric/torque; not direct fatigue,MFCV feasibility research only,POTENTIAL_DATASET_LEVEL; SITE NOT IMPLIED,PEER_REVIEWED_METADATA_VERIFIED_LEGAL_NOT_VERIFIED,license,TO_VERIFY,S4,2026-07-24
ZENODO_FATIGUE_RECORDS,Zenodo multi-channel fatigue records,TO_VERIFY,no,potential,weak,ACCESS_UNKNOWN,LICENSE_NOT_FOUND,Not verified,healthy reported,13 or 15 across potentially different records,TO_VERIFY,8 reported,50 or 200 across potentially different records,TXT/MAT or TO_VERIFY,no evidence,static load/self-perceived variants may be separate records,DSP debugging only if exact record verified,NO,CONFLICTING,record identity and sampling rate,DO_NOT_USE_UNTIL_DOI_RECORD_DISAMBIGUATED,S2;S4,2026-07-24
EMAHA_DB1,EMAHA-DB1,TO_VERIFY,moderate,weak,partial,ACCESS_UNKNOWN,LICENSE_NOT_FOUND,Not verified,healthy,25 reported,TO_VERIFY,5 Noraxon Ultium sensors,TO_VERIFY,TO_VERIFY,TO_VERIFY,none,high device-family relevance,NO,PEER_REVIEWED_STUDY_EXISTENCE_VERIFIED,"access,license,field schema",DISCOVERY_ONLY_UNTIL_CANONICAL_DATA_RECORD,S1,2026-07-24
LOWER_LIMB_WALKING_PHYSIONET,Lower-limb walking sEMG dataset,REJECT_FOR_DAY25_SCOPE,no,off_scope,no_for_upper_limb,FREE_OPEN_NO_REGISTRATION,TO_VERIFY_NOT_NEEDED_FOR_DECISION,Not relevant to current upper-limb scope,healthy/TO_VERIFY,TO_VERIFY,TO_VERIFY,lower-limb,TO_VERIFY,PhysioNet,TO_VERIFY,walking endurance only,not aligned with fixed Task A/C,NO,OFFICIAL_VERIFIED_IN_SOURCE_REPORT,none,REJECT_FOR_DAY25_UPPER_LIMB_SCOPE,S4,2026-07-24
