subject_id,day35_development_partition
28,calibration_fit
14,calibration_fit
3,calibration_fit
40,calibration_fit
5,calibration_fit
23,calibration_fit
17,calibration_fit
30,calibration_fit
11,calibration_fit
31,calibration_fit
4,calibration_fit
16,calibration_fit
37,calibration_fit
2,calibration_fit
20,calibration_fit
43,calibration_fit
18,calibration_fit
19,calibration_fit
36,calibration_fit
9,calibration_fit
7,calibrator_select
21,calibrator_select
1,calibrator_select
10,calibrator_select
42,calibrator_select
32,calibrator_select
24,calibrator_select
38,threshold_select
27,threshold_select
15,threshold_select
39,threshold_select
22,threshold_select
6,threshold_select
8,threshold_select
