conflict_id,topic,source_a,source_b,status,risk,operational_resolution,owner,required_evidence,deadline
C001,GRABMyo gesture count,S1/S2 report 16 gestures,S3 report 17 gestures,CONFLICTING,label mapping and denominator may be wrong,Do not freeze gesture count; inspect canonical dataset version page/file list,Data Lead,official versioned dataset page + gesture list,Day27 before adapter freeze
C002,GRABMyoFlow license,S4 says CC BY 4.0,S2 says availability verified but license detail not opened deeply,CONFLICTING,reuse permission may be misstated,Conditional shortlist only,Data Governance,canonical license file/page,Day27
C003,CapgMyo license/access,S3 report says CC0,S1/S2/S4 say license/access not verified or fetch conflict,CONFLICTING,illegal reuse,TO_VERIFY; no download/reuse in project pipeline,Data Governance,canonical Figshare/project license capture,Before any reuse
C004,MR3 export scope,S2 deep audit says Excel/MATLAB/ASCII CSV/C3D/native structure,S1/S3 narrow proof emphasizes database/package export and says flat-field schema not verified,CONFLICTING_SCOPE,adapter built around unsupported site format,Record public claim but keep every format SITE_NOT_VERIFIED; inspect actual export menu/files,Motion Lab + Backend,screenshot export menu + sample files + exact version/module,Before site adapter freeze
C005,Lucchetti vs Mendeley post-stroke cohorts,"S4 describes 10 healthy + 10 post-stroke, 24 channels","S1/S2 describe 12 healthy + 13 post-stroke, 8 muscles",POSSIBLY_DISTINCT_RECORDS,cohort metadata accidentally merged,Keep as two dataset IDs until DOI/title match performed,Data Lead,canonical DOI/title/version for each,Day27
C006,Ultium onboard memory/storage duration,one official-source summary reports 8 hours,another official-source summary reports 16 hours/250 MB variants,CONFLICTING,wrong operational assumptions,Not relevant to Day25 training; capture exact site model/firmware and manual,Motion Lab,site model + version-specific manual,Technical audit
C007,Zenodo fatigue record sampling rate,one report snippet says 50 Hz,another report describes 200 Hz and a separate 1259 Hz Cerqueira corpus,CONFLICTING_OR_MULTIPLE_RECORDS,spectral analysis on insufficient sampling,Disambiguate DOI; Cerqueira 1259 Hz remains separate priority corpus,Data Lead,canonical DOI/data dictionary per record,Before use
C008,Native JSON export from MR3,No report found official proof,Downstream JSON sidecars are proposed by project,NOT_VERIFIED,confusing project representation with vendor-native truth,nativeJsonExportVerified=false,Backend + Motion Lab,official SDK/API/export doc or actual native sample,Before JSON adapter claim
C009,MFCV eligibility from 16 Ultium sensors,Proposal language may imply MFCV capability,all deep research reports say 16 sensors alone is insufficient,NOT_VERIFIED,fabricated physiological metric,mfcvEligibilityVerified=false; optional branch disabled,Signal Lead + Motion Lab,"geometry, IED, order, fibre alignment, raw signals, propagation/correlation",MFCV Gate
