k,arm,score_name,threshold,coverage,selective_risk,selective_accuracy,accepted_count,abstained_count
2,p0,max_probability,0.38973504024843575,1.0,0.1927710843373494,0.8072289156626506,83,0
2,p0,max_probability,0.4069210966358978,0.9879518072289156,0.18292682926829268,0.8170731707317073,82,1
2,p0,max_probability,0.4121396534180247,0.9759036144578314,0.1728395061728395,0.8271604938271605,81,2
2,p0,max_probability,0.41912381115952824,0.963855421686747,0.175,0.825,80,3
2,p0,max_probability,0.42696583987602543,0.9518072289156626,0.17721518987341772,0.8227848101265823,79,4
2,p0,max_probability,0.4288831159161704,0.9397590361445783,0.1794871794871795,0.8205128205128205,78,5
2,p0,max_probability,0.43199401402275794,0.9397590361445783,0.1794871794871795,0.8205128205128205,78,5
2,p0,max_probability,0.44784252503466543,0.927710843373494,0.16883116883116883,0.8311688311688312,77,6
2,p0,max_probability,0.4573972740849309,0.9156626506024096,0.15789473684210525,0.8421052631578947,76,7
2,p0,max_probability,0.46608797290201087,0.9036144578313253,0.14666666666666667,0.8533333333333334,75,8
2,p0,max_probability,0.47800700146834035,0.891566265060241,0.14864864864864866,0.8513513513513513,74,9
2,p0,max_probability,0.4899801046883359,0.8795180722891566,0.1506849315068493,0.8493150684931506,73,10
2,p0,max_probability,0.4910921783725055,0.8795180722891566,0.1506849315068493,0.8493150684931506,73,10
2,p0,max_probability,0.49130916835966054,0.8795180722891566,0.1506849315068493,0.8493150684931506,73,10
2,p0,max_probability,0.49369629470001203,0.8433734939759037,0.14285714285714285,0.8571428571428571,70,13
2,p0,max_probability,0.5010431503547431,0.8313253012048193,0.14492753623188406,0.855072463768116,69,14
2,p0,max_probability,0.5131852606798016,0.8313253012048193,0.14492753623188406,0.855072463768116,69,14
2,p0,max_probability,0.5179404744260832,0.8192771084337349,0.1323529411764706,0.8676470588235294,68,15
2,p0,max_probability,0.5363226047008679,0.8072289156626506,0.11940298507462686,0.8805970149253731,67,16
2,p0,max_probability,0.5515666553238727,0.7951807228915663,0.12121212121212122,0.8787878787878788,66,17
2,p0,max_probability,0.5568250909118587,0.7831325301204819,0.12307692307692308,0.8769230769230769,65,18
2,p0,max_probability,0.5606824602015852,0.7710843373493976,0.125,0.875,64,19
2,p0,max_probability,0.5646922948182802,0.7710843373493976,0.125,0.875,64,19
2,p0,max_probability,0.5764567304179337,0.7590361445783133,0.1111111111111111,0.8888888888888888,63,20
2,p0,max_probability,0.5826630524666065,0.7469879518072289,0.11290322580645161,0.8870967741935484,62,21
2,p0,max_probability,0.5836553370143449,0.7469879518072289,0.11290322580645161,0.8870967741935484,62,21
2,p0,max_probability,0.5852546621396718,0.7228915662650602,0.1,0.9,60,23
2,p0,max_probability,0.5946221378737294,0.7228915662650602,0.1,0.9,60,23
2,p0,max_probability,0.5970669035784226,0.7108433734939759,0.0847457627118644,0.9152542372881356,59,24
2,p0,max_probability,0.5978605815559418,0.6987951807228916,0.08620689655172414,0.9137931034482759,58,25
2,p0,max_probability,0.601018361839174,0.6867469879518072,0.08771929824561403,0.9122807017543859,57,26
2,p0,max_probability,0.608017148286373,0.6746987951807228,0.08928571428571429,0.9107142857142857,56,27
2,p0,max_probability,0.6180207785074044,0.6626506024096386,0.09090909090909091,0.9090909090909091,55,28
2,p0,max_probability,0.6312845463742649,0.6626506024096386,0.09090909090909091,0.9090909090909091,55,28
2,p0,max_probability,0.6404869623404726,0.6506024096385542,0.09259259259259259,0.9074074074074074,54,29
2,p0,max_probability,0.6435989809545495,0.6506024096385542,0.09259259259259259,0.9074074074074074,54,29
2,p0,max_probability,0.6438004028230809,0.6265060240963856,0.057692307692307696,0.9423076923076923,52,31
2,p0,max_probability,0.6462610192817004,0.6144578313253012,0.058823529411764705,0.9411764705882353,51,32
2,p0,max_probability,0.6568678272488682,0.6144578313253012,0.058823529411764705,0.9411764705882353,51,32
2,p0,max_probability,0.6640306215338057,0.6024096385542169,0.06,0.94,50,33
2,p0,max_probability,0.669754283168138,0.5903614457831325,0.061224489795918366,0.9387755102040817,49,34
2,p0,max_probability,0.6746275566838813,0.5783132530120482,0.0625,0.9375,48,35
2,p0,max_probability,0.6777115121264944,0.5783132530120482,0.0625,0.9375,48,35
2,p0,max_probability,0.6786353324478082,0.5542168674698795,0.06521739130434782,0.9347826086956522,46,37
2,p0,max_probability,0.6881044907412739,0.5542168674698795,0.06521739130434782,0.9347826086956522,46,37
2,p0,max_probability,0.6900821375801729,0.5421686746987951,0.044444444444444446,0.9555555555555556,45,38
2,p0,max_probability,0.6904021431391061,0.5421686746987951,0.044444444444444446,0.9555555555555556,45,38
2,p0,max_probability,0.6945813511833936,0.5180722891566265,0.023255813953488372,0.9767441860465116,43,40
2,p0,max_probability,0.7023664132640993,0.5060240963855421,0.023809523809523808,0.9761904761904762,42,41
2,p0,max_probability,0.7039852704335777,0.5060240963855421,0.023809523809523808,0.9761904761904762,42,41
2,p0,max_probability,0.7073253961798079,0.4819277108433735,0.025,0.975,40,43
2,p0,max_probability,0.7092042169120624,0.4819277108433735,0.025,0.975,40,43
2,p0,max_probability,0.7101509572582463,0.4457831325301205,0.02702702702702703,0.972972972972973,37,46
2,p0,max_probability,0.7179142280969546,0.4457831325301205,0.02702702702702703,0.972972972972973,37,46
2,p0,max_probability,0.72991622201973,0.43373493975903615,0.027777777777777776,0.9722222222222222,36,47
2,p0,max_probability,0.7338670280033995,0.42168674698795183,0.02857142857142857,0.9714285714285714,35,48
2,p0,max_probability,0.7342046748589943,0.40963855421686746,0.029411764705882353,0.9705882352941176,34,49
2,p0,max_probability,0.7383382946489693,0.39759036144578314,0.030303030303030304,0.9696969696969697,33,50
2,p0,max_probability,0.7530776054667339,0.3855421686746988,0.0,1.0,32,51
2,p0,max_probability,0.7698228936414747,0.3855421686746988,0.0,1.0,32,51
2,p0,max_probability,0.7730902669438633,0.37349397590361444,0.0,1.0,31,52
2,p0,max_probability,0.7759821156094378,0.3373493975903614,0.0,1.0,28,55
2,p0,max_probability,0.7957430814908621,0.3373493975903614,0.0,1.0,28,55
2,p0,max_probability,0.7971890058236492,0.3373493975903614,0.0,1.0,28,55
2,p0,max_probability,0.8092400366385318,0.30120481927710846,0.0,1.0,25,58
2,p0,max_probability,0.8273165828608555,0.30120481927710846,0.0,1.0,25,58
2,p0,max_probability,0.8485495757528954,0.25301204819277107,0.0,1.0,21,62
2,p0,max_probability,0.8697825686449351,0.25301204819277107,0.0,1.0,21,62
2,p0,max_probability,0.9609296441972615,0.1566265060240964,0.0,1.0,13,70
2,p0,max_probability,0.9999926765768294,0.1566265060240964,0.0,1.0,13,70
2,p0,probability_margin,0.014209211632038754,1.0,0.1927710843373494,0.8072289156626506,83,0
2,p0,probability_margin,0.019942892697516517,0.9879518072289156,0.18292682926829268,0.8170731707317073,82,1
2,p0,probability_margin,0.0357679051284803,0.9759036144578314,0.1728395061728395,0.8271604938271605,81,2
2,p0,probability_margin,0.06008780350078377,0.963855421686747,0.175,0.825,80,3
2,p0,probability_margin,0.08058235548474614,0.9518072289156626,0.17721518987341772,0.8227848101265823,79,4
2,p0,probability_margin,0.08666182064511625,0.9397590361445783,0.16666666666666666,0.8333333333333334,78,5
2,p0,probability_margin,0.10354213239656475,0.9397590361445783,0.16666666666666666,0.8333333333333334,78,5
2,p0,probability_margin,0.10727611394053059,0.927710843373494,0.16883116883116883,0.8311688311688312,77,6
2,p0,probability_margin,0.11527133558528707,0.9156626506024096,0.15789473684210525,0.8421052631578947,76,7
2,p0,probability_margin,0.12179094657008728,0.9036144578313253,0.16,0.84,75,8
2,p0,probability_margin,0.12406679504213794,0.891566265060241,0.14864864864864866,0.8513513513513513,74,9
2,p0,probability_margin,0.1279259933041302,0.8795180722891566,0.1506849315068493,0.8493150684931506,73,10
2,p0,probability_margin,0.13067659379062943,0.8795180722891566,0.1506849315068493,0.8493150684931506,73,10
2,p0,probability_margin,0.14628185024365714,0.8674698795180723,0.1527777777777778,0.8472222222222222,72,11
2,p0,probability_margin,0.15404443862621175,0.8674698795180723,0.1527777777777778,0.8472222222222222,72,11
2,p0,probability_margin,0.1583785004322856,0.8313253012048193,0.14492753623188406,0.855072463768116,69,14
2,p0,probability_margin,0.18799458944045658,0.8313253012048193,0.14492753623188406,0.855072463768116,69,14
2,p0,probability_margin,0.20076863399144354,0.8192771084337349,0.1323529411764706,0.8676470588235294,68,15
2,p0,probability_margin,0.21924501324329845,0.8072289156626506,0.13432835820895522,0.8656716417910447,67,16
2,p0,probability_margin,0.24198868764774645,0.7951807228915663,0.12121212121212122,0.8787878787878788,66,17
2,p0,probability_margin,0.26116525758574793,0.7831325301204819,0.1076923076923077,0.8923076923076924,65,18
2,p0,probability_margin,0.26652483882893735,0.7710843373493976,0.109375,0.890625,64,19
2,p0,probability_margin,0.26796308826969045,0.7710843373493976,0.109375,0.890625,64,19
2,p0,probability_margin,0.2811237803985943,0.7590361445783133,0.1111111111111111,0.8888888888888888,63,20
2,p0,probability_margin,0.2872014920909879,0.7590361445783133,0.1111111111111111,0.8888888888888888,63,20
2,p0,probability_margin,0.2876008391743273,0.7349397590361446,0.08196721311475409,0.9180327868852459,61,22
2,p0,probability_margin,0.2893405099992148,0.7228915662650602,0.06666666666666667,0.9333333333333333,60,23
2,p0,probability_margin,0.294559565596992,0.7228915662650602,0.06666666666666667,0.9333333333333333,60,23
2,p0,probability_margin,0.2993552127345774,0.7108433734939759,0.06779661016949153,0.9322033898305084,59,24
2,p0,probability_margin,0.30063602426422087,0.7108433734939759,0.06779661016949153,0.9322033898305084,59,24
2,p0,probability_margin,0.3051467597037382,0.6867469879518072,0.05263157894736842,0.9473684210526315,57,26
2,p0,probability_margin,0.3162097100912015,0.6746987951807228,0.05357142857142857,0.9464285714285714,56,27
2,p0,probability_margin,0.3323432352545936,0.6626506024096386,0.05454545454545454,0.9454545454545454,55,28
2,p0,probability_margin,0.34363691229086035,0.6626506024096386,0.05454545454545454,0.9454545454545454,55,28
2,p0,probability_margin,0.3457166733704394,0.6506024096385542,0.05555555555555555,0.9444444444444444,54,29
2,p0,probability_margin,0.3508536982690352,0.6385542168674698,0.05660377358490566,0.9433962264150944,53,30
2,p0,probability_margin,0.35542663330981217,0.6385542168674698,0.05660377358490566,0.9433962264150944,53,30
2,p0,probability_margin,0.355693208465069,0.6144578313253012,0.058823529411764705,0.9411764705882353,51,32
2,p0,probability_margin,0.35705940613576037,0.6144578313253012,0.058823529411764705,0.9411764705882353,51,32
2,p0,probability_margin,0.368245505212383,0.6024096385542169,0.06,0.94,50,33
2,p0,probability_margin,0.377093721384394,0.5903614457831325,0.061224489795918366,0.9387755102040817,49,34
2,p0,probability_margin,0.38080792834093224,0.5903614457831325,0.061224489795918366,0.9387755102040817,49,34
2,p0,probability_margin,0.38787116426279766,0.5662650602409639,0.0425531914893617,0.9574468085106383,47,36
2,p0,probability_margin,0.4079742203481071,0.5662650602409639,0.0425531914893617,0.9574468085106383,47,36
2,p0,probability_margin,0.4150390902971661,0.5421686746987951,0.044444444444444446,0.9555555555555556,45,38
2,p0,probability_margin,0.4237017357707299,0.5301204819277109,0.045454545454545456,0.9545454545454546,44,39
2,p0,probability_margin,0.43183889483738336,0.5180722891566265,0.046511627906976744,0.9534883720930233,43,40
2,p0,probability_margin,0.4395126648313537,0.5060240963855421,0.047619047619047616,0.9523809523809523,42,41
2,p0,probability_margin,0.44937863970451797,0.5060240963855421,0.047619047619047616,0.9523809523809523,42,41
2,p0,probability_margin,0.46589038672179167,0.4939759036144578,0.04878048780487805,0.9512195121951219,41,42
2,p0,probability_margin,0.4795627465193248,0.4819277108433735,0.05,0.95,40,43
2,p0,probability_margin,0.49447332244620484,0.46987951807228917,0.02564102564102564,0.9743589743589743,39,44
2,p0,probability_margin,0.5114774675184321,0.4578313253012048,0.0,1.0,38,45
2,p0,probability_margin,0.5272538754437506,0.4578313253012048,0.0,1.0,38,45
2,p0,probability_margin,0.5378549884314575,0.42168674698795183,0.0,1.0,35,48
2,p0,probability_margin,0.5461844343503702,0.42168674698795183,0.0,1.0,35,48
2,p0,probability_margin,0.5461844343503703,0.40963855421686746,0.0,1.0,34,49
2,p0,probability_margin,0.5506942359134829,0.37349397590361444,0.0,1.0,31,52
2,p0,probability_margin,0.5656904211552356,0.3614457831325301,0.0,1.0,30,53
2,p0,probability_margin,0.5794194547998417,0.3614457831325301,0.0,1.0,30,53
2,p0,probability_margin,0.5812149602169706,0.3373493975903614,0.0,1.0,28,55
2,p0,probability_margin,0.5934842472340177,0.3373493975903614,0.0,1.0,28,55
2,p0,probability_margin,0.594381999942582,0.3373493975903614,0.0,1.0,28,55
2,p0,probability_margin,0.6184841082143089,0.30120481927710846,0.0,1.0,25,58
2,p0,probability_margin,0.6546372706218984,0.30120481927710846,0.0,1.0,25,58
2,p0,probability_margin,0.6971033442771718,0.25301204819277107,0.0,1.0,21,62
2,p0,probability_margin,0.7395694179324452,0.25301204819277107,0.0,1.0,21,62
2,p0,probability_margin,0.9218639901847752,0.1566265060240964,0.0,1.0,13,70
2,p0,probability_margin,0.9999902354357726,0.1566265060240964,0.0,1.0,13,70
2,p0,one_minus_normalized_entropy,0.1472830881456595,1.0,0.1927710843373494,0.8072289156626506,83,0
2,p0,one_minus_normalized_entropy,0.16862712622106799,0.9879518072289156,0.18292682926829268,0.8170731707317073,82,1
2,p0,one_minus_normalized_entropy,0.19841817841065024,0.9759036144578314,0.18518518518518517,0.8148148148148148,81,2
2,p0,one_minus_normalized_entropy,0.21502839823606185,0.963855421686747,0.175,0.825,80,3
2,p0,one_minus_normalized_entropy,0.2191392737082862,0.9518072289156626,0.17721518987341772,0.8227848101265823,79,4
2,p0,one_minus_normalized_entropy,0.2230098008204248,0.9397590361445783,0.1794871794871795,0.8205128205128205,78,5
2,p0,one_minus_normalized_entropy,0.22965780397224686,0.9397590361445783,0.1794871794871795,0.8205128205128205,78,5
2,p0,one_minus_normalized_entropy,0.23697526401163926,0.927710843373494,0.18181818181818182,0.8181818181818182,77,6
2,p0,one_minus_normalized_entropy,0.2417225903701971,0.9156626506024096,0.17105263157894737,0.8289473684210527,76,7
2,p0,one_minus_normalized_entropy,0.24412480137777115,0.9036144578313253,0.16,0.84,75,8
2,p0,one_minus_normalized_entropy,0.24705555044545222,0.891566265060241,0.14864864864864866,0.8513513513513513,74,9
2,p0,one_minus_normalized_entropy,0.25563293908007906,0.8795180722891566,0.1506849315068493,0.8493150684931506,73,10
2,p0,one_minus_normalized_entropy,0.2639819116303505,0.8795180722891566,0.1506849315068493,0.8493150684931506,73,10
2,p0,one_minus_normalized_entropy,0.26561097944503764,0.8795180722891566,0.1506849315068493,0.8493150684931506,73,10
2,p0,one_minus_normalized_entropy,0.2656109794450377,0.8554216867469879,0.14084507042253522,0.8591549295774648,71,12
2,p0,one_minus_normalized_entropy,0.26609250081033936,0.8433734939759037,0.14285714285714285,0.8571428571428571,70,13
2,p0,one_minus_normalized_entropy,0.26760321944780047,0.8313253012048193,0.13043478260869565,0.8695652173913043,69,14
2,p0,one_minus_normalized_entropy,0.27024887281258664,0.8313253012048193,0.13043478260869565,0.8695652173913043,69,14
2,p0,one_minus_normalized_entropy,0.2749970152406836,0.8192771084337349,0.11764705882352941,0.8823529411764706,68,15
2,p0,one_minus_normalized_entropy,0.28808251527276074,0.8072289156626506,0.11940298507462686,0.8805970149253731,67,16
2,p0,one_minus_normalized_entropy,0.2982333914250788,0.7951807228915663,0.12121212121212122,0.8787878787878788,66,17
2,p0,one_minus_normalized_entropy,0.301301375719541,0.7831325301204819,0.1076923076923077,0.8923076923076924,65,18
2,p0,one_minus_normalized_entropy,0.3036562164735801,0.7710843373493976,0.109375,0.890625,64,19
2,p0,one_minus_normalized_entropy,0.31610128261675663,0.7710843373493976,0.109375,0.890625,64,19
2,p0,one_minus_normalized_entropy,0.32066380063701627,0.7590361445783133,0.1111111111111111,0.8888888888888888,63,20
2,p0,one_minus_normalized_entropy,0.32181097740405684,0.7590361445783133,0.1111111111111111,0.8888888888888888,63,20
2,p0,one_minus_normalized_entropy,0.3221931704674891,0.7349397590361446,0.09836065573770492,0.9016393442622951,61,22
2,p0,one_minus_normalized_entropy,0.3243846959763248,0.7228915662650602,0.1,0.9,60,23
2,p0,one_minus_normalized_entropy,0.3324638352921437,0.7228915662650602,0.1,0.9,60,23
2,p0,one_minus_normalized_entropy,0.3382922439002428,0.7108433734939759,0.1016949152542373,0.8983050847457628,59,24
2,p0,one_minus_normalized_entropy,0.3472787888776813,0.6987951807228916,0.10344827586206896,0.896551724137931,58,25
2,p0,one_minus_normalized_entropy,0.3547754073088947,0.6867469879518072,0.10526315789473684,0.8947368421052632,57,26
2,p0,one_minus_normalized_entropy,0.364614828700884,0.6746987951807228,0.10714285714285714,0.8928571428571429,56,27
2,p0,one_minus_normalized_entropy,0.38536064052999025,0.6626506024096386,0.10909090909090909,0.8909090909090909,55,28
2,p0,one_minus_normalized_entropy,0.3941087679044314,0.6626506024096386,0.10909090909090909,0.8909090909090909,55,28
2,p0,one_minus_normalized_entropy,0.40476831751634074,0.6506024096385542,0.1111111111111111,0.8888888888888888,54,29
2,p0,one_minus_normalized_entropy,0.4102400728649147,0.6385542168674698,0.09433962264150944,0.9056603773584906,53,30
2,p0,one_minus_normalized_entropy,0.41662360282469846,0.6265060240963856,0.09615384615384616,0.9038461538461539,52,31
2,p0,one_minus_normalized_entropy,0.4264133155800579,0.6265060240963856,0.09615384615384616,0.9038461538461539,52,31
2,p0,one_minus_normalized_entropy,0.4419522867715251,0.5903614457831325,0.10204081632653061,0.8979591836734694,49,34
2,p0,one_minus_normalized_entropy,0.45147617234048865,0.5903614457831325,0.10204081632653061,0.8979591836734694,49,34
2,p0,one_minus_normalized_entropy,0.4654595067696451,0.5662650602409639,0.10638297872340426,0.8936170212765957,47,36
2,p0,one_minus_normalized_entropy,0.5058846540335792,0.5542168674698795,0.10869565217391304,0.8913043478260869,46,37
2,p0,one_minus_normalized_entropy,0.5123055225460074,0.5542168674698795,0.10869565217391304,0.8913043478260869,46,37
2,p0,one_minus_normalized_entropy,0.522301906261822,0.5421686746987951,0.08888888888888889,0.9111111111111111,45,38
2,p0,one_minus_normalized_entropy,0.5281819789505658,0.5301204819277109,0.09090909090909091,0.9090909090909091,44,39
2,p0,one_minus_normalized_entropy,0.5301387702816482,0.5301204819277109,0.09090909090909091,0.9090909090909091,44,39
2,p0,one_minus_normalized_entropy,0.5319794000473609,0.5060240963855421,0.047619047619047616,0.9523809523809523,42,41
2,p0,one_minus_normalized_entropy,0.540364491202274,0.5060240963855421,0.047619047619047616,0.9523809523809523,42,41
2,p0,one_minus_normalized_entropy,0.5454280248989991,0.4939759036144578,0.04878048780487805,0.9512195121951219,41,42
2,p0,one_minus_normalized_entropy,0.5465395322958412,0.4939759036144578,0.04878048780487805,0.9512195121951219,41,42
2,p0,one_minus_normalized_entropy,0.5497925813326683,0.46987951807228917,0.05128205128205128,0.9487179487179487,39,44
2,p0,one_minus_normalized_entropy,0.553611378028074,0.46987951807228917,0.05128205128205128,0.9487179487179487,39,44
2,p0,one_minus_normalized_entropy,0.5544285608387212,0.4457831325301205,0.02702702702702703,0.972972972972973,37,46
2,p0,one_minus_normalized_entropy,0.5611294598860276,0.4457831325301205,0.02702702702702703,0.972972972972973,37,46
2,p0,one_minus_normalized_entropy,0.5617832061345452,0.4457831325301205,0.02702702702702703,0.972972972972973,37,46
2,p0,one_minus_normalized_entropy,0.5671339109576675,0.42168674698795183,0.02857142857142857,0.9714285714285714,35,48
2,p0,one_minus_normalized_entropy,0.5756503464439826,0.40963855421686746,0.029411764705882353,0.9705882352941176,34,49
2,p0,one_minus_normalized_entropy,0.5854399118603877,0.39759036144578314,0.030303030303030304,0.9696969696969697,33,50
2,p0,one_minus_normalized_entropy,0.5967990162499603,0.3855421686746988,0.0,1.0,32,51
2,p0,one_minus_normalized_entropy,0.6109170102089706,0.3855421686746988,0.0,1.0,32,51
2,p0,one_minus_normalized_entropy,0.613671740737558,0.3855421686746988,0.0,1.0,32,51
2,p0,one_minus_normalized_entropy,0.616375931140181,0.3373493975903614,0.0,1.0,28,55
2,p0,one_minus_normalized_entropy,0.6348545655581037,0.3373493975903614,0.0,1.0,28,55
2,p0,one_minus_normalized_entropy,0.6362066607594151,0.3253012048192771,0.0,1.0,27,56
2,p0,one_minus_normalized_entropy,0.6489480521963952,0.30120481927710846,0.0,1.0,25,58
2,p0,one_minus_normalized_entropy,0.6680601393518649,0.30120481927710846,0.0,1.0,25,58
2,p0,one_minus_normalized_entropy,0.6945029705164929,0.25301204819277107,0.0,1.0,21,62
2,p0,one_minus_normalized_entropy,0.720945801681121,0.25301204819277107,0.0,1.0,21,62
2,p0,one_minus_normalized_entropy,0.9162322543060325,0.1566265060240964,0.0,1.0,13,70
2,p0,one_minus_normalized_entropy,0.9999264482881363,0.1566265060240964,0.0,1.0,13,70
2,p1,max_probability,0.3746924857543205,1.0,0.2289156626506024,0.7710843373493976,83,0
2,p1,max_probability,0.4160765823460014,0.9879518072289156,0.21951219512195122,0.7804878048780488,82,1
2,p1,max_probability,0.4393574396995003,0.9759036144578314,0.2222222222222222,0.7777777777777778,81,2
2,p1,max_probability,0.45460341082179617,0.963855421686747,0.2125,0.7875,80,3
2,p1,max_probability,0.4703444414356361,0.9518072289156626,0.20253164556962025,0.7974683544303798,79,4
2,p1,max_probability,0.4903353240120257,0.9397590361445783,0.19230769230769232,0.8076923076923077,78,5
2,p1,max_probability,0.5020652618288348,0.9397590361445783,0.19230769230769232,0.8076923076923077,78,5
2,p1,max_probability,0.5119779556812034,0.927710843373494,0.18181818181818182,0.8181818181818182,77,6
2,p1,max_probability,0.5484642929579162,0.9156626506024096,0.17105263157894737,0.8289473684210527,76,7
2,p1,max_probability,0.5757957684969812,0.9036144578313253,0.17333333333333334,0.8266666666666667,75,8
2,p1,max_probability,0.5799232801106048,0.891566265060241,0.16216216216216217,0.8378378378378378,74,9
2,p1,max_probability,0.5895308477264484,0.8795180722891566,0.1506849315068493,0.8493150684931506,73,10
2,p1,max_probability,0.5966474744796832,0.8795180722891566,0.1506849315068493,0.8493150684931506,73,10
2,p1,max_probability,0.6222683511101432,0.8674698795180723,0.1388888888888889,0.8611111111111112,72,11
2,p1,max_probability,0.6371920785308263,0.8554216867469879,0.14084507042253522,0.8591549295774648,71,12
2,p1,max_probability,0.6415948149747588,0.8433734939759037,0.14285714285714285,0.8571428571428571,70,13
2,p1,max_probability,0.6468930423272556,0.8313253012048193,0.14492753623188406,0.855072463768116,69,14
2,p1,max_probability,0.655052466770887,0.8313253012048193,0.14492753623188406,0.855072463768116,69,14
2,p1,max_probability,0.6678712143257,0.8192771084337349,0.14705882352941177,0.8529411764705882,68,15
2,p1,max_probability,0.6850019606300611,0.8072289156626506,0.13432835820895522,0.8656716417910447,67,16
2,p1,max_probability,0.7075168879416878,0.7951807228915663,0.12121212121212122,0.8787878787878788,66,17
2,p1,max_probability,0.7304099271271712,0.7831325301204819,0.1076923076923077,0.8923076923076924,65,18
2,p1,max_probability,0.7430170601029017,0.7710843373493976,0.09375,0.90625,64,19
2,p1,max_probability,0.7444619054184688,0.7710843373493976,0.09375,0.90625,64,19
2,p1,max_probability,0.7554294414022944,0.7590361445783133,0.07936507936507936,0.9206349206349206,63,20
2,p1,max_probability,0.7747790344358676,0.7469879518072289,0.08064516129032258,0.9193548387096774,62,21
2,p1,max_probability,0.7940492974728345,0.7349397590361446,0.08196721311475409,0.9180327868852459,61,22
2,p1,max_probability,0.8053417389308244,0.7228915662650602,0.06666666666666667,0.9333333333333333,60,23
2,p1,max_probability,0.809676977159973,0.7228915662650602,0.06666666666666667,0.9333333333333333,60,23
2,p1,max_probability,0.8138247838682217,0.7108433734939759,0.05084745762711865,0.9491525423728814,59,24
2,p1,max_probability,0.8194965939716172,0.6987951807228916,0.05172413793103448,0.9482758620689655,58,25
2,p1,max_probability,0.8249543763226586,0.6867469879518072,0.05263157894736842,0.9473684210526315,57,26
2,p1,max_probability,0.8317081199499288,0.6746987951807228,0.03571428571428571,0.9642857142857143,56,27
2,p1,max_probability,0.844374433504125,0.6626506024096386,0.03636363636363636,0.9636363636363636,55,28
2,p1,max_probability,0.8696291146746642,0.6626506024096386,0.03636363636363636,0.9636363636363636,55,28
2,p1,max_probability,0.8736631396302086,0.6506024096385542,0.037037037037037035,0.9629629629629629,54,29
2,p1,max_probability,0.8748498592158842,0.6385542168674698,0.018867924528301886,0.9811320754716981,53,30
2,p1,max_probability,0.8759007430843101,0.6265060240963856,0.019230769230769232,0.9807692307692307,52,31
2,p1,max_probability,0.8766519544463679,0.6144578313253012,0.0196078431372549,0.9803921568627451,51,32
2,p1,max_probability,0.8796139973301103,0.6144578313253012,0.0196078431372549,0.9803921568627451,51,32
2,p1,max_probability,0.8812481202565091,0.6024096385542169,0.0,1.0,50,33
2,p1,max_probability,0.8837799758615731,0.5903614457831325,0.0,1.0,49,34
2,p1,max_probability,0.8872654520537149,0.5783132530120482,0.0,1.0,48,35
2,p1,max_probability,0.891547862684186,0.5662650602409639,0.0,1.0,47,36
2,p1,max_probability,0.8970106614862279,0.5542168674698795,0.0,1.0,46,37
2,p1,max_probability,0.9087558869024898,0.5542168674698795,0.0,1.0,46,37
2,p1,max_probability,0.9104902747172237,0.5421686746987951,0.0,1.0,45,38
2,p1,max_probability,0.9165742422523938,0.5301204819277109,0.0,1.0,44,39
2,p1,max_probability,0.9228557632841763,0.5180722891566265,0.0,1.0,43,40
2,p1,max_probability,0.9264542909165845,0.5060240963855421,0.0,1.0,42,41
2,p1,max_probability,0.9331376365486972,0.5060240963855421,0.0,1.0,42,41
2,p1,max_probability,0.9392615448684072,0.4939759036144578,0.0,1.0,41,42
2,p1,max_probability,0.9444331955478826,0.4819277108433735,0.0,1.0,40,43
2,p1,max_probability,0.947070158556031,0.46987951807228917,0.0,1.0,39,44
2,p1,max_probability,0.9500262369374931,0.4578313253012048,0.0,1.0,38,45
2,p1,max_probability,0.9562635863558567,0.4457831325301205,0.0,1.0,37,46
2,p1,max_probability,0.9570607350658987,0.4457831325301205,0.0,1.0,37,46
2,p1,max_probability,0.964929532222539,0.43373493975903615,0.0,1.0,36,47
2,p1,max_probability,0.969832808844305,0.42168674698795183,0.0,1.0,35,48
2,p1,max_probability,0.9718741868952654,0.40963855421686746,0.0,1.0,34,49
2,p1,max_probability,0.9728191902366137,0.39759036144578314,0.0,1.0,33,50
2,p1,max_probability,0.9744068931169241,0.3855421686746988,0.0,1.0,32,51
2,p1,max_probability,0.9753941650614075,0.3855421686746988,0.0,1.0,32,51
2,p1,max_probability,0.9774081994788,0.37349397590361444,0.0,1.0,31,52
2,p1,max_probability,0.9798327541368019,0.3614457831325301,0.0,1.0,30,53
2,p1,max_probability,0.9819311462784678,0.3493975903614458,0.0,1.0,29,54
2,p1,max_probability,0.9835327643759535,0.3373493975903614,0.0,1.0,28,55
2,p1,max_probability,0.9866918427089889,0.3373493975903614,0.0,1.0,28,55
2,p1,max_probability,0.9869604618346508,0.3253012048192771,0.0,1.0,27,56
2,p1,max_probability,0.9873350549461558,0.3132530120481928,0.0,1.0,26,57
2,p1,max_probability,0.9886956300633877,0.30120481927710846,0.0,1.0,25,58
2,p1,max_probability,0.9907821669246715,0.2891566265060241,0.0,1.0,24,59
2,p1,max_probability,0.9924518795441736,0.27710843373493976,0.0,1.0,23,60
2,p1,max_probability,0.9947222017733158,0.27710843373493976,0.0,1.0,23,60
2,p1,max_probability,0.9952984419241012,0.26506024096385544,0.0,1.0,22,61
2,p1,max_probability,0.9959160696157454,0.25301204819277107,0.0,1.0,21,62
2,p1,max_probability,0.9965024421631318,0.24096385542168675,0.0,1.0,20,63
2,p1,max_probability,0.9969399668396576,0.2289156626506024,0.0,1.0,19,64
2,p1,max_probability,0.9987868276400583,0.2289156626506024,0.0,1.0,19,64
2,p1,max_probability,0.9992215667757356,0.21686746987951808,0.0,1.0,18,65
2,p1,max_probability,0.9995664580536301,0.20481927710843373,0.0,1.0,17,66
2,p1,max_probability,0.9997505262263142,0.1927710843373494,0.0,1.0,16,67
2,p1,max_probability,0.9997821223267097,0.18072289156626506,0.0,1.0,15,68
2,p1,max_probability,0.9997997068990577,0.1686746987951807,0.0,1.0,14,69
2,p1,max_probability,0.9998049392406089,0.1686746987951807,0.0,1.0,14,69
2,p1,max_probability,0.9998413941092343,0.1566265060240964,0.0,1.0,13,70
2,p1,max_probability,0.9999068877624709,0.14457831325301204,0.0,1.0,12,71
2,p1,max_probability,0.9999632890700566,0.13253012048192772,0.0,1.0,11,72
2,p1,max_probability,0.9999829545766532,0.12048192771084337,0.0,1.0,10,73
2,p1,max_probability,0.9999836141565054,0.12048192771084337,0.0,1.0,10,73
2,p1,max_probability,0.99998772335899,0.10843373493975904,0.0,1.0,9,74
2,p1,max_probability,0.9999902438351761,0.0963855421686747,0.0,1.0,8,75
2,p1,max_probability,0.9999916501557188,0.08433734939759036,0.0,1.0,7,76
2,p1,max_probability,0.9999923814062343,0.07228915662650602,0.0,1.0,6,77
2,p1,max_probability,0.9999929719003472,0.060240963855421686,0.0,1.0,5,78
2,p1,max_probability,0.9999958361456838,0.060240963855421686,0.0,1.0,5,78
2,p1,max_probability,0.9999967727063883,0.04819277108433735,0.0,1.0,4,79
2,p1,max_probability,0.9999974350132746,0.03614457831325301,0.0,1.0,3,80
2,p1,max_probability,0.999997821915688,0.024096385542168676,0.0,1.0,2,81
2,p1,max_probability,0.999997955122141,0.012048192771084338,0.0,1.0,1,82
2,p1,max_probability,0.9999984221597915,0.012048192771084338,0.0,1.0,1,82
2,p1,probability_margin,0.007974600621243388,1.0,0.2289156626506024,0.7710843373493976,83,0
2,p1,probability_margin,0.01383994663888619,0.9879518072289156,0.21951219512195122,0.7804878048780488,82,1
2,p1,probability_margin,0.017062103515157922,0.9759036144578314,0.20987654320987653,0.7901234567901234,81,2
2,p1,probability_margin,0.02166855890265511,0.963855421686747,0.2,0.8,80,3
2,p1,probability_margin,0.028929414117384193,0.9518072289156626,0.189873417721519,0.810126582278481,79,4
2,p1,probability_margin,0.03895050792356967,0.9397590361445783,0.1794871794871795,0.8205128205128205,78,5
2,p1,probability_margin,0.055108920322530675,0.9397590361445783,0.1794871794871795,0.8205128205128205,78,5
2,p1,probability_margin,0.10612467618188365,0.927710843373494,0.16883116883116883,0.8311688311688312,77,6
2,p1,probability_margin,0.1392774989947014,0.9156626506024096,0.17105263157894737,0.8289473684210527,76,7
2,p1,probability_margin,0.21026236883581806,0.9036144578313253,0.17333333333333334,0.8266666666666667,75,8
2,p1,probability_margin,0.31375472361466084,0.891566265060241,0.16216216216216217,0.8378378378378378,74,9
2,p1,probability_margin,0.3454223957639085,0.8795180722891566,0.1506849315068493,0.8493150684931506,73,10
2,p1,probability_margin,0.3470379921399082,0.8795180722891566,0.1506849315068493,0.8493150684931506,73,10
2,p1,probability_margin,0.3548222537350547,0.8674698795180723,0.1388888888888889,0.8611111111111112,72,11
2,p1,probability_margin,0.36489020405518446,0.8554216867469879,0.1267605633802817,0.8732394366197183,71,12
2,p1,probability_margin,0.3839519706392909,0.8433734939759037,0.12857142857142856,0.8714285714285714,70,13
2,p1,probability_margin,0.41531768342867353,0.8313253012048193,0.13043478260869565,0.8695652173913043,69,14
2,p1,probability_margin,0.4331644497793649,0.8313253012048193,0.13043478260869565,0.8695652173913043,69,14
2,p1,probability_margin,0.4494451458401055,0.8192771084337349,0.1323529411764706,0.8676470588235294,68,15
2,p1,probability_margin,0.478625797804818,0.8072289156626506,0.13432835820895522,0.8656716417910447,67,16
2,p1,probability_margin,0.5129757847951091,0.7951807228915663,0.12121212121212122,0.8787878787878788,66,17
2,p1,probability_margin,0.5385934274114412,0.7831325301204819,0.1076923076923077,0.8923076923076924,65,18
2,p1,probability_margin,0.5420343029935516,0.7710843373493976,0.109375,0.890625,64,19
2,p1,probability_margin,0.5651598051349693,0.7710843373493976,0.109375,0.890625,64,19
2,p1,probability_margin,0.5756335466870646,0.7590361445783133,0.09523809523809523,0.9047619047619048,63,20
2,p1,probability_margin,0.5956736060982137,0.7469879518072289,0.0967741935483871,0.9032258064516129,62,21
2,p1,probability_margin,0.6142010055783024,0.7349397590361446,0.08196721311475409,0.9180327868852459,61,22
2,p1,probability_margin,0.6250370079600359,0.7228915662650602,0.06666666666666667,0.9333333333333333,60,23
2,p1,probability_margin,0.6691115373169971,0.7228915662650602,0.06666666666666667,0.9333333333333333,60,23
2,p1,probability_margin,0.6835836553220704,0.7108433734939759,0.05084745762711865,0.9491525423728814,59,24
2,p1,probability_margin,0.6920179741554738,0.6987951807228916,0.05172413793103448,0.9482758620689655,58,25
2,p1,probability_margin,0.6970763658200456,0.6867469879518072,0.05263157894736842,0.9473684210526315,57,26
2,p1,probability_margin,0.7024026286034306,0.6746987951807228,0.05357142857142857,0.9464285714285714,56,27
2,p1,probability_margin,0.714624252295551,0.6626506024096386,0.03636363636363636,0.9636363636363636,55,28
2,p1,probability_margin,0.7558814403165015,0.6626506024096386,0.03636363636363636,0.9636363636363636,55,28
2,p1,probability_margin,0.7649190648434633,0.6506024096385542,0.037037037037037035,0.9629629629629629,54,29
2,p1,probability_margin,0.7667034782389366,0.6385542168674698,0.03773584905660377,0.9622641509433962,53,30
2,p1,probability_margin,0.7690408954292439,0.6265060240963856,0.038461538461538464,0.9615384615384616,52,31
2,p1,probability_margin,0.7744810724707437,0.6144578313253012,0.0392156862745098,0.9607843137254902,51,32
2,p1,probability_margin,0.7836878488496558,0.6144578313253012,0.0392156862745098,0.9607843137254902,51,32
2,p1,probability_margin,0.7896659065837177,0.6024096385542169,0.04,0.96,50,33
2,p1,probability_margin,0.7967628559875469,0.5903614457831325,0.04081632653061224,0.9591836734693877,49,34
2,p1,probability_margin,0.8010883767378402,0.5783132530120482,0.020833333333333332,0.9791666666666666,48,35
2,p1,probability_margin,0.8076323901524226,0.5662650602409639,0.0,1.0,47,36
2,p1,probability_margin,0.8245973721116632,0.5542168674698795,0.0,1.0,46,37
2,p1,probability_margin,0.8394127636004866,0.5542168674698795,0.0,1.0,46,37
2,p1,probability_margin,0.8414138035826904,0.5421686746987951,0.0,1.0,45,38
2,p1,probability_margin,0.8544359867995013,0.5301204819277109,0.0,1.0,44,39
2,p1,probability_margin,0.8676699212573825,0.5180722891566265,0.0,1.0,43,40
2,p1,probability_margin,0.8753388810458049,0.5060240963855421,0.0,1.0,42,41
2,p1,probability_margin,0.892414839917499,0.5060240963855421,0.0,1.0,42,41
2,p1,probability_margin,0.902166140192708,0.4939759036144578,0.0,1.0,41,42
2,p1,probability_margin,0.9048309612665717,0.4819277108433735,0.0,1.0,40,43
2,p1,probability_margin,0.9068289271504988,0.46987951807228917,0.0,1.0,39,44
2,p1,probability_margin,0.9098539704875191,0.4578313253012048,0.0,1.0,38,45
2,p1,probability_margin,0.9145128226475738,0.4457831325301205,0.0,1.0,37,46
2,p1,probability_margin,0.9310855024238729,0.4457831325301205,0.0,1.0,37,46
2,p1,probability_margin,0.9402381931498072,0.43373493975903615,0.0,1.0,36,47
2,p1,probability_margin,0.9440703361147015,0.42168674698795183,0.0,1.0,35,48
2,p1,probability_margin,0.9464694866740793,0.40963855421686746,0.0,1.0,34,49
2,p1,probability_margin,0.9498462414317609,0.39759036144578314,0.0,1.0,33,50
2,p1,probability_margin,0.9538935300273437,0.3855421686746988,0.0,1.0,32,51
2,p1,probability_margin,0.958994847331123,0.3855421686746988,0.0,1.0,32,51
2,p1,probability_margin,0.9607684626401357,0.37349397590361444,0.0,1.0,31,52
2,p1,probability_margin,0.9624750727121051,0.3614457831325301,0.0,1.0,30,53
2,p1,probability_margin,0.9648636046292676,0.3493975903614458,0.0,1.0,29,54
2,p1,probability_margin,0.9680494854359962,0.3373493975903614,0.0,1.0,28,55
2,p1,probability_margin,0.9742894138202126,0.3373493975903614,0.0,1.0,28,55
2,p1,probability_margin,0.9777484178415438,0.3253012048192771,0.0,1.0,27,56
2,p1,probability_margin,0.9792740331580413,0.3132530120481928,0.0,1.0,26,57
2,p1,probability_margin,0.9814237750617959,0.30120481927710846,0.0,1.0,25,58
2,p1,probability_margin,0.9842840069379077,0.2891566265060241,0.0,1.0,24,59
2,p1,probability_margin,0.9854718574979818,0.27710843373493976,0.0,1.0,23,60
2,p1,probability_margin,0.9907159534617934,0.27710843373493976,0.0,1.0,23,60
2,p1,probability_margin,0.9921172325634626,0.26506024096385544,0.0,1.0,22,61
2,p1,probability_margin,0.9928928431627073,0.25301204819277107,0.0,1.0,21,62
2,p1,probability_margin,0.9938139129475917,0.24096385542168675,0.0,1.0,20,63
2,p1,probability_margin,0.9951216390921485,0.2289156626506024,0.0,1.0,19,64
2,p1,probability_margin,0.9980073346573219,0.2289156626506024,0.0,1.0,19,64
2,p1,probability_margin,0.9987471878676027,0.21686746987951808,0.0,1.0,18,65
2,p1,probability_margin,0.9992616801573303,0.20481927710843373,0.0,1.0,17,66
2,p1,probability_margin,0.9995485893550561,0.1927710843373494,0.0,1.0,16,67
2,p1,probability_margin,0.9996324806346769,0.18072289156626506,0.0,1.0,15,68
2,p1,probability_margin,0.9996507981007394,0.1686746987951807,0.0,1.0,14,69
2,p1,probability_margin,0.9996509878315526,0.1686746987951807,0.0,1.0,14,69
2,p1,probability_margin,0.9997357562400291,0.1566265060240964,0.0,1.0,13,70
2,p1,probability_margin,0.9998540636694851,0.14457831325301204,0.0,1.0,12,71
2,p1,probability_margin,0.9999444757809433,0.13253012048192772,0.0,1.0,11,72
2,p1,probability_margin,0.9999731823795807,0.12048192771084337,0.0,1.0,10,73
2,p1,probability_margin,0.9999737715656204,0.12048192771084337,0.0,1.0,10,73
2,p1,probability_margin,0.9999793205833949,0.10843373493975904,0.0,1.0,9,74
2,p1,probability_margin,0.9999841650714011,0.0963855421686747,0.0,1.0,8,75
2,p1,probability_margin,0.9999865431199815,0.08433734939759036,0.0,1.0,7,76
2,p1,probability_margin,0.9999869482391346,0.07228915662650602,0.0,1.0,6,77
2,p1,probability_margin,0.9999877018959672,0.060240963855421686,0.0,1.0,5,78
2,p1,probability_margin,0.9999931467325343,0.060240963855421686,0.0,1.0,5,78
2,p1,probability_margin,0.9999948240816126,0.04819277108433735,0.0,1.0,4,79
2,p1,probability_margin,0.9999960913135467,0.03614457831325301,0.0,1.0,3,80
2,p1,probability_margin,0.9999968771310699,0.024096385542168676,0.0,1.0,2,81
2,p1,probability_margin,0.9999970777722254,0.012048192771084338,0.0,1.0,1,82
2,p1,probability_margin,0.9999976514930468,0.012048192771084338,0.0,1.0,1,82
2,p1,one_minus_normalized_entropy,0.21485370903564271,1.0,0.2289156626506024,0.7710843373493976,83,0
2,p1,one_minus_normalized_entropy,0.22005373075708665,0.9879518072289156,0.21951219512195122,0.7804878048780488,82,1
2,p1,one_minus_normalized_entropy,0.2666664996651891,0.9759036144578314,0.2222222222222222,0.7777777777777778,81,2
2,p1,one_minus_normalized_entropy,0.29241930237969593,0.963855421686747,0.2125,0.7875,80,3
2,p1,one_minus_normalized_entropy,0.2944092771376862,0.9518072289156626,0.20253164556962025,0.7974683544303798,79,4
2,p1,one_minus_normalized_entropy,0.299538875289348,0.9397590361445783,0.19230769230769232,0.8076923076923077,78,5
2,p1,one_minus_normalized_entropy,0.3039781330269875,0.9397590361445783,0.19230769230769232,0.8076923076923077,78,5
2,p1,one_minus_normalized_entropy,0.33366772614901447,0.927710843373494,0.18181818181818182,0.8181818181818182,77,6
2,p1,one_minus_normalized_entropy,0.34793362789720134,0.9156626506024096,0.17105263157894737,0.8289473684210527,76,7
2,p1,one_minus_normalized_entropy,0.3570169870661996,0.9036144578313253,0.17333333333333334,0.8266666666666667,75,8
2,p1,one_minus_normalized_entropy,0.366767570043199,0.891566265060241,0.17567567567567569,0.8243243243243243,74,9
2,p1,one_minus_normalized_entropy,0.36700080174800137,0.8795180722891566,0.1780821917808219,0.821917808219178,73,10
2,p1,one_minus_normalized_entropy,0.36983971814322913,0.8795180722891566,0.1780821917808219,0.821917808219178,73,10
2,p1,one_minus_normalized_entropy,0.3921506199447399,0.8674698795180723,0.18055555555555555,0.8194444444444444,72,11
2,p1,one_minus_normalized_entropy,0.4100862713271197,0.8554216867469879,0.16901408450704225,0.8309859154929577,71,12
2,p1,one_minus_normalized_entropy,0.4199721539827544,0.8433734939759037,0.15714285714285714,0.8428571428571429,70,13
2,p1,one_minus_normalized_entropy,0.4278000263851139,0.8313253012048193,0.14492753623188406,0.855072463768116,69,14
2,p1,one_minus_normalized_entropy,0.43987097746418313,0.8313253012048193,0.14492753623188406,0.855072463768116,69,14
2,p1,one_minus_normalized_entropy,0.4555829102850434,0.8192771084337349,0.1323529411764706,0.8676470588235294,68,15
2,p1,one_minus_normalized_entropy,0.4691008330772293,0.8072289156626506,0.11940298507462686,0.8805970149253731,67,16
2,p1,one_minus_normalized_entropy,0.4814426727363305,0.7951807228915663,0.10606060606060606,0.8939393939393939,66,17
2,p1,one_minus_normalized_entropy,0.4920151960781374,0.7831325301204819,0.09230769230769231,0.9076923076923077,65,18
2,p1,one_minus_normalized_entropy,0.49910030452050885,0.7710843373493976,0.09375,0.90625,64,19
2,p1,one_minus_normalized_entropy,0.5239406979775997,0.7710843373493976,0.09375,0.90625,64,19
2,p1,one_minus_normalized_entropy,0.5438534397996898,0.7590361445783133,0.07936507936507936,0.9206349206349206,63,20
2,p1,one_minus_normalized_entropy,0.5601370974614497,0.7469879518072289,0.08064516129032258,0.9193548387096774,62,21
2,p1,one_minus_normalized_entropy,0.5699423004057224,0.7349397590361446,0.06557377049180328,0.9344262295081968,61,22
2,p1,one_minus_normalized_entropy,0.5738870052668007,0.7228915662650602,0.06666666666666667,0.9333333333333333,60,23
2,p1,one_minus_normalized_entropy,0.5858339489895448,0.7228915662650602,0.06666666666666667,0.9333333333333333,60,23
2,p1,one_minus_normalized_entropy,0.5901140536900239,0.7108433734939759,0.06779661016949153,0.9322033898305084,59,24
2,p1,one_minus_normalized_entropy,0.6077832642171973,0.6987951807228916,0.05172413793103448,0.9482758620689655,58,25
2,p1,one_minus_normalized_entropy,0.6217220021356168,0.6867469879518072,0.03508771929824561,0.9649122807017544,57,26
2,p1,one_minus_normalized_entropy,0.6317589115693878,0.6746987951807228,0.03571428571428571,0.9642857142857143,56,27
2,p1,one_minus_normalized_entropy,0.651849921645217,0.6626506024096386,0.03636363636363636,0.9636363636363636,55,28
2,p1,one_minus_normalized_entropy,0.6626491211922106,0.6626506024096386,0.03636363636363636,0.9636363636363636,55,28
2,p1,one_minus_normalized_entropy,0.6746838077382972,0.6506024096385542,0.018518518518518517,0.9814814814814815,54,29
2,p1,one_minus_normalized_entropy,0.6793092664573158,0.6385542168674698,0.0,1.0,53,30
2,p1,one_minus_normalized_entropy,0.6853138738959403,0.6265060240963856,0.0,1.0,52,31
2,p1,one_minus_normalized_entropy,0.6977773168833462,0.6144578313253012,0.0,1.0,51,32
2,p1,one_minus_normalized_entropy,0.7032473664239507,0.6144578313253012,0.0,1.0,51,32
2,p1,one_minus_normalized_entropy,0.7034599382577751,0.6024096385542169,0.0,1.0,50,33
2,p1,one_minus_normalized_entropy,0.7056448807101379,0.5903614457831325,0.0,1.0,49,34
2,p1,one_minus_normalized_entropy,0.716119779043599,0.5783132530120482,0.0,1.0,48,35
2,p1,one_minus_normalized_entropy,0.7304350682679315,0.5662650602409639,0.0,1.0,47,36
2,p1,one_minus_normalized_entropy,0.738848505882991,0.5542168674698795,0.0,1.0,46,37
2,p1,one_minus_normalized_entropy,0.7471198187457847,0.5542168674698795,0.0,1.0,46,37
2,p1,one_minus_normalized_entropy,0.7623528448271902,0.5421686746987951,0.0,1.0,45,38
2,p1,one_minus_normalized_entropy,0.770725911091688,0.5301204819277109,0.0,1.0,44,39
2,p1,one_minus_normalized_entropy,0.7739278728914775,0.5180722891566265,0.0,1.0,43,40
2,p1,one_minus_normalized_entropy,0.7780782211081466,0.5060240963855421,0.0,1.0,42,41
2,p1,one_minus_normalized_entropy,0.790655977277503,0.5060240963855421,0.0,1.0,42,41
2,p1,one_minus_normalized_entropy,0.8049011159103882,0.4939759036144578,0.0,1.0,41,42
2,p1,one_minus_normalized_entropy,0.8197391750090179,0.4819277108433735,0.0,1.0,40,43
2,p1,one_minus_normalized_entropy,0.8300680288596687,0.46987951807228917,0.0,1.0,39,44
2,p1,one_minus_normalized_entropy,0.8389490233754218,0.4578313253012048,0.0,1.0,38,45
2,p1,one_minus_normalized_entropy,0.8523842044034484,0.4457831325301205,0.0,1.0,37,46
2,p1,one_minus_normalized_entropy,0.867900009618303,0.4457831325301205,0.0,1.0,37,46
2,p1,one_minus_normalized_entropy,0.8804593348768862,0.43373493975903615,0.0,1.0,36,47
2,p1,one_minus_normalized_entropy,0.8892377813110669,0.42168674698795183,0.0,1.0,35,48
2,p1,one_minus_normalized_entropy,0.8977260653488724,0.40963855421686746,0.0,1.0,34,49
2,p1,one_minus_normalized_entropy,0.9058989065834459,0.39759036144578314,0.0,1.0,33,50
2,p1,one_minus_normalized_entropy,0.9084117502958103,0.3855421686746988,0.0,1.0,32,51
2,p1,one_minus_normalized_entropy,0.9127116642568562,0.3855421686746988,0.0,1.0,32,51
2,p1,one_minus_normalized_entropy,0.9164978588115155,0.37349397590361444,0.0,1.0,31,52
2,p1,one_minus_normalized_entropy,0.924032408603911,0.3614457831325301,0.0,1.0,30,53
2,p1,one_minus_normalized_entropy,0.9319891402132567,0.3493975903614458,0.0,1.0,29,54
2,p1,one_minus_normalized_entropy,0.9362929997449637,0.3373493975903614,0.0,1.0,28,55
2,p1,one_minus_normalized_entropy,0.9427575166441841,0.3373493975903614,0.0,1.0,28,55
2,p1,one_minus_normalized_entropy,0.9457144343976127,0.3253012048192771,0.0,1.0,27,56
2,p1,one_minus_normalized_entropy,0.9470230580814509,0.3132530120481928,0.0,1.0,26,57
2,p1,one_minus_normalized_entropy,0.95092973132122,0.30120481927710846,0.0,1.0,25,58
2,p1,one_minus_normalized_entropy,0.958411074445997,0.2891566265060241,0.0,1.0,24,59
2,p1,one_minus_normalized_entropy,0.9665425946621662,0.27710843373493976,0.0,1.0,23,60
2,p1,one_minus_normalized_entropy,0.974010441053425,0.27710843373493976,0.0,1.0,23,60
2,p1,one_minus_normalized_entropy,0.9765812404058881,0.26506024096385544,0.0,1.0,22,61
2,p1,one_minus_normalized_entropy,0.9794864895672333,0.25301204819277107,0.0,1.0,21,62
2,p1,one_minus_normalized_entropy,0.9818321321538347,0.24096385542168675,0.0,1.0,20,63
2,p1,one_minus_normalized_entropy,0.98349865746184,0.2289156626506024,0.0,1.0,19,64
2,p1,one_minus_normalized_entropy,0.9926351448533506,0.2289156626506024,0.0,1.0,19,64
2,p1,one_minus_normalized_entropy,0.994933639234823,0.21686746987951808,0.0,1.0,18,65
2,p1,one_minus_normalized_entropy,0.9970635808736972,0.20481927710843373,0.0,1.0,17,66
2,p1,one_minus_normalized_entropy,0.9982287388592148,0.1927710843373494,0.0,1.0,16,67
2,p1,one_minus_normalized_entropy,0.998397617053737,0.18072289156626506,0.0,1.0,15,68
2,p1,one_minus_normalized_entropy,0.9985263775935322,0.1686746987951807,0.0,1.0,14,69
2,p1,one_minus_normalized_entropy,0.9985707308758831,0.1686746987951807,0.0,1.0,14,69
2,p1,one_minus_normalized_entropy,0.9988000058389065,0.1566265060240964,0.0,1.0,13,70
2,p1,one_minus_normalized_entropy,0.9992592510388743,0.14457831325301204,0.0,1.0,12,71
2,p1,one_minus_normalized_entropy,0.99967846214465,0.13253012048192772,0.0,1.0,11,72
2,p1,one_minus_normalized_entropy,0.9998417523406944,0.12048192771084337,0.0,1.0,10,73
2,p1,one_minus_normalized_entropy,0.9998486397883742,0.12048192771084337,0.0,1.0,10,73
2,p1,one_minus_normalized_entropy,0.9998842012588761,0.10843373493975904,0.0,1.0,9,74
2,p1,one_minus_normalized_entropy,0.9999061145227873,0.0963855421686747,0.0,1.0,8,75
2,p1,one_minus_normalized_entropy,0.9999188941710937,0.08433734939759036,0.0,1.0,7,76
2,p1,one_minus_normalized_entropy,0.9999259030065721,0.07228915662650602,0.0,1.0,6,77
2,p1,one_minus_normalized_entropy,0.9999311105289435,0.060240963855421686,0.0,1.0,5,78
2,p1,one_minus_normalized_entropy,0.999957204642393,0.060240963855421686,0.0,1.0,5,78
2,p1,one_minus_normalized_entropy,0.9999660537262374,0.04819277108433735,0.0,1.0,4,79
2,p1,one_minus_normalized_entropy,0.9999725110479807,0.03614457831325301,0.0,1.0,3,80
2,p1,one_minus_normalized_entropy,0.9999762868632471,0.024096385542168676,0.0,1.0,2,81
2,p1,one_minus_normalized_entropy,0.9999776237180525,0.012048192771084338,0.0,1.0,1,82
2,p1,one_minus_normalized_entropy,0.9999824793246659,0.012048192771084338,0.0,1.0,1,82
3,p0,max_probability,0.35070887097861364,1.0,0.23636363636363636,0.7636363636363637,55,0
3,p0,max_probability,0.3602392141515169,0.9818181818181818,0.2222222222222222,0.7777777777777778,54,1
3,p0,max_probability,0.3709890394957216,0.9636363636363636,0.20754716981132076,0.7924528301886793,53,2
3,p0,max_probability,0.3887508873249098,0.9636363636363636,0.20754716981132076,0.7924528301886793,53,2
3,p0,max_probability,0.4028584923393374,0.9454545454545454,0.19230769230769232,0.8076923076923077,52,3
3,p0,max_probability,0.4082872706687083,0.9454545454545454,0.19230769230769232,0.8076923076923077,52,3
3,p0,max_probability,0.4118238837677396,0.9272727272727272,0.17647058823529413,0.8235294117647058,51,4
3,p0,max_probability,0.4129952903288464,0.9272727272727272,0.17647058823529413,0.8235294117647058,51,4
3,p0,max_probability,0.41353545078423276,0.9090909090909091,0.16,0.84,50,5
3,p0,max_probability,0.4136416295419364,0.9090909090909091,0.16,0.84,50,5
3,p0,max_probability,0.418243318676105,0.8909090909090909,0.14285714285714285,0.8571428571428571,49,6
3,p0,max_probability,0.42441843644203625,0.8909090909090909,0.14285714285714285,0.8571428571428571,49,6
3,p0,max_probability,0.42932212268298237,0.8727272727272727,0.14583333333333334,0.8541666666666666,48,7
3,p0,max_probability,0.4338911482314415,0.8727272727272727,0.14583333333333334,0.8541666666666666,48,7
3,p0,max_probability,0.43389114823144154,0.8545454545454545,0.14893617021276595,0.851063829787234,47,8
3,p0,max_probability,0.43398307272667247,0.8181818181818182,0.13333333333333333,0.8666666666666667,45,10
3,p0,max_probability,0.4342588462123652,0.8181818181818182,0.13333333333333333,0.8666666666666667,45,10
3,p0,max_probability,0.4345349881920015,0.8,0.13636363636363635,0.8636363636363636,44,11
3,p0,max_probability,0.4348115270112692,0.8,0.13636363636363635,0.8636363636363636,44,11
3,p0,max_probability,0.439306675314175,0.7818181818181819,0.13953488372093023,0.8604651162790697,43,12
3,p0,max_probability,0.4462833586074561,0.7818181818181819,0.13953488372093023,0.8604651162790697,43,12
3,p0,max_probability,0.44886168926396786,0.7636363636363637,0.14285714285714285,0.8571428571428571,42,13
3,p0,max_probability,0.45018334773854557,0.7636363636363637,0.14285714285714285,0.8571428571428571,42,13
3,p0,max_probability,0.45663034434682703,0.7454545454545455,0.14634146341463414,0.8536585365853658,41,14
3,p0,max_probability,0.4636369695967392,0.7272727272727273,0.15,0.85,40,15
3,p0,max_probability,0.4725136147333318,0.7272727272727273,0.15,0.85,40,15
3,p0,max_probability,0.4810313386394443,0.7090909090909091,0.1282051282051282,0.8717948717948718,39,16
3,p0,max_probability,0.4882928382388766,0.7090909090909091,0.1282051282051282,0.8717948717948718,39,16
3,p0,max_probability,0.4947293180197708,0.6909090909090909,0.13157894736842105,0.868421052631579,38,17
3,p0,max_probability,0.49976326410915034,0.6909090909090909,0.13157894736842105,0.868421052631579,38,17
3,p0,max_probability,0.5034093875225272,0.6727272727272727,0.13513513513513514,0.8648648648648649,37,18
3,p0,max_probability,0.5057668184510444,0.6727272727272727,0.13513513513513514,0.8648648648648649,37,18
3,p0,max_probability,0.5068256389848039,0.6545454545454545,0.1388888888888889,0.8611111111111112,36,19
3,p0,max_probability,0.5072351543211846,0.6545454545454545,0.1388888888888889,0.8611111111111112,36,19
3,p0,max_probability,0.509931857343642,0.6363636363636364,0.11428571428571428,0.8857142857142857,35,20
3,p0,max_probability,0.5131483757492986,0.6363636363636364,0.11428571428571428,0.8857142857142857,35,20
3,p0,max_probability,0.5132675060606192,0.6363636363636364,0.11428571428571428,0.8857142857142857,35,20
3,p0,max_probability,0.5142992145727049,0.6,0.12121212121212122,0.8787878787878788,33,22
3,p0,max_probability,0.5235845911814755,0.6,0.12121212121212122,0.8787878787878788,33,22
3,p0,max_probability,0.5337146743537057,0.5818181818181818,0.125,0.875,32,23
3,p0,max_probability,0.5462582048501058,0.5818181818181818,0.125,0.875,32,23
3,p0,max_probability,0.5551028951081582,0.5636363636363636,0.12903225806451613,0.8709677419354839,31,24
3,p0,max_probability,0.5585674541104321,0.5636363636363636,0.12903225806451613,0.8709677419354839,31,24
3,p0,max_probability,0.5611985791768366,0.5454545454545454,0.1,0.9,30,25
3,p0,max_probability,0.5631629570945454,0.5454545454545454,0.1,0.9,30,25
3,p0,max_probability,0.5661787388586507,0.5272727272727272,0.06896551724137931,0.9310344827586207,29,26
3,p0,max_probability,0.5696372169791332,0.5272727272727272,0.06896551724137931,0.9310344827586207,29,26
3,p0,max_probability,0.5734480848669089,0.509090909090909,0.07142857142857142,0.9285714285714286,28,27
3,p0,max_probability,0.577320237931605,0.509090909090909,0.07142857142857142,0.9285714285714286,28,27
3,p0,max_probability,0.5779273391994553,0.4727272727272727,0.07692307692307693,0.9230769230769231,26,29
3,p0,max_probability,0.5820252727574448,0.4727272727272727,0.07692307692307693,0.9230769230769231,26,29
3,p0,max_probability,0.5860047702201296,0.45454545454545453,0.08,0.92,25,30
3,p0,max_probability,0.5897029819564665,0.45454545454545453,0.08,0.92,25,30
3,p0,max_probability,0.5925309468587062,0.43636363636363634,0.041666666666666664,0.9583333333333334,24,31
3,p0,max_probability,0.5942711032183248,0.43636363636363634,0.041666666666666664,0.9583333333333334,24,31
3,p0,max_probability,0.5986890319239893,0.41818181818181815,0.043478260869565216,0.9565217391304348,23,32
3,p0,max_probability,0.6049479291175603,0.41818181818181815,0.043478260869565216,0.9565217391304348,23,32
3,p0,max_probability,0.6258814164852243,0.4,0.045454545454545456,0.9545454545454546,22,33
3,p0,max_probability,0.6519510104138209,0.4,0.045454545454545456,0.9545454545454546,22,33
3,p0,max_probability,0.6548476319614428,0.4,0.045454545454545456,0.9545454545454546,22,33
3,p0,max_probability,0.6551124417585431,0.36363636363636365,0.05,0.95,20,35
3,p0,max_probability,0.6622623062802516,0.36363636363636365,0.05,0.95,20,35
3,p0,max_probability,0.6680881218164585,0.36363636363636365,0.05,0.95,20,35
3,p0,max_probability,0.6708888520040717,0.32727272727272727,0.0,1.0,18,37
3,p0,max_probability,0.6792910425669112,0.32727272727272727,0.0,1.0,18,37
3,p0,max_probability,0.6836477339698649,0.32727272727272727,0.0,1.0,18,37
3,p0,max_probability,0.6901475720379292,0.2909090909090909,0.0,1.0,16,39
3,p0,max_probability,0.7004708442636786,0.2909090909090909,0.0,1.0,16,39
3,p0,max_probability,0.7134003178050667,0.2727272727272727,0.0,1.0,15,40
3,p0,max_probability,0.72707442029378,0.2727272727272727,0.0,1.0,15,40
3,p0,max_probability,0.7280873167744254,0.2727272727272727,0.0,1.0,15,40
3,p0,max_probability,0.7328078927031507,0.21818181818181817,0.0,1.0,12,43
3,p0,max_probability,0.7540504843824138,0.21818181818181817,0.0,1.0,12,43
3,p0,max_probability,0.7674254495138016,0.21818181818181817,0.0,1.0,12,43
3,p0,max_probability,0.8323008630995963,0.18181818181818182,0.0,1.0,10,45
3,p0,max_probability,0.9574177321579154,0.18181818181818182,0.0,1.0,10,45
3,p0,max_probability,0.9991233551773528,0.18181818181818182,0.0,1.0,10,45
3,p0,probability_margin,0.00456111773348622,1.0,0.23636363636363636,0.7636363636363637,55,0
3,p0,probability_margin,0.006610215810128981,0.9818181818181818,0.2222222222222222,0.7777777777777778,54,1
3,p0,probability_margin,0.008885736408003178,0.9636363636363636,0.20754716981132076,0.7924528301886793,53,2
3,p0,probability_margin,0.012463186502958126,0.9636363636363636,0.20754716981132076,0.7924528301886793,53,2
3,p0,probability_margin,0.02100043402960381,0.9454545454545454,0.19230769230769232,0.8076923076923077,52,3
3,p0,probability_margin,0.04131720045651498,0.9454545454545454,0.19230769230769232,0.8076923076923077,52,3
3,p0,probability_margin,0.05748215928892838,0.9272727272727272,0.17647058823529413,0.8235294117647058,51,4
3,p0,probability_margin,0.0684573586282196,0.9272727272727272,0.17647058823529413,0.8235294117647058,51,4
3,p0,probability_margin,0.07313411490598207,0.9090909090909091,0.18,0.82,50,5
3,p0,probability_margin,0.07348069157894352,0.9090909090909091,0.18,0.82,50,5
3,p0,probability_margin,0.07514516569986582,0.8909090909090909,0.16326530612244897,0.8367346938775511,49,6
3,p0,probability_margin,0.0772709039275744,0.8909090909090909,0.16326530612244897,0.8367346938775511,49,6
3,p0,probability_margin,0.07812490118001389,0.8727272727272727,0.16666666666666666,0.8333333333333334,48,7
3,p0,probability_margin,0.07904859491667918,0.8545454545454545,0.14893617021276595,0.851063829787234,47,8
3,p0,probability_margin,0.08591755541283919,0.8545454545454545,0.14893617021276595,0.851063829787234,47,8
3,p0,probability_margin,0.09151448618748809,0.8545454545454545,0.14893617021276595,0.851063829787234,47,8
3,p0,probability_margin,0.09907131571583368,0.8,0.13636363636363635,0.8636363636363636,44,11
3,p0,probability_margin,0.1147662693516284,0.8,0.13636363636363635,0.8636363636363636,44,11
3,p0,probability_margin,0.12088514490923086,0.7818181818181819,0.11627906976744186,0.8837209302325582,43,12
3,p0,probability_margin,0.12137103336201438,0.7818181818181819,0.11627906976744186,0.8837209302325582,43,12
3,p0,probability_margin,0.12819472728991502,0.7636363636363637,0.11904761904761904,0.8809523809523809,42,13
3,p0,probability_margin,0.1368292227821348,0.7636363636363637,0.11904761904761904,0.8809523809523809,42,13
3,p0,probability_margin,0.1427159084484054,0.7454545454545455,0.12195121951219512,0.8780487804878049,41,14
3,p0,probability_margin,0.14885202404340764,0.7272727272727273,0.1,0.9,40,15
3,p0,probability_margin,0.16085382357350464,0.7272727272727273,0.1,0.9,40,15
3,p0,probability_margin,0.17059168630299007,0.7090909090909091,0.10256410256410256,0.8974358974358975,39,16
3,p0,probability_margin,0.17240577023033532,0.7090909090909091,0.10256410256410256,0.8974358974358975,39,16
3,p0,probability_margin,0.1740922939246348,0.6909090909090909,0.07894736842105263,0.9210526315789473,38,17
3,p0,probability_margin,0.17556196522275636,0.6909090909090909,0.07894736842105263,0.9210526315789473,38,17
3,p0,probability_margin,0.17678544033679827,0.6727272727272727,0.08108108108108109,0.918918918918919,37,18
3,p0,probability_margin,0.1777803047084804,0.6727272727272727,0.08108108108108109,0.918918918918919,37,18
3,p0,probability_margin,0.17893602089862062,0.6545454545454545,0.08333333333333333,0.9166666666666666,36,19
3,p0,probability_margin,0.18017216299798985,0.6545454545454545,0.08333333333333333,0.9166666666666666,36,19
3,p0,probability_margin,0.18193512888540553,0.6363636363636364,0.08571428571428572,0.9142857142857143,35,20
3,p0,probability_margin,0.1838178274519227,0.6363636363636364,0.08571428571428572,0.9142857142857143,35,20
3,p0,probability_margin,0.1992955172280718,0.6181818181818182,0.058823529411764705,0.9411764705882353,34,21
3,p0,probability_margin,0.21424340921389626,0.6,0.06060606060606061,0.9393939393939394,33,22
3,p0,probability_margin,0.22076984465877486,0.6,0.06060606060606061,0.9393939393939394,33,22
3,p0,probability_margin,0.22560424128461087,0.6,0.06060606060606061,0.9393939393939394,33,22
3,p0,probability_margin,0.2256042412846109,0.5818181818181818,0.0625,0.9375,32,23
3,p0,probability_margin,0.22822287819789108,0.5636363636363636,0.06451612903225806,0.9354838709677419,31,24
3,p0,probability_margin,0.2346504415304879,0.5636363636363636,0.06451612903225806,0.9354838709677419,31,24
3,p0,probability_margin,0.2455452818190047,0.5454545454545454,0.06666666666666667,0.9333333333333333,30,25
3,p0,probability_margin,0.2600139436722575,0.5454545454545454,0.06666666666666667,0.9333333333333333,30,25
3,p0,probability_margin,0.27855124583437324,0.5272727272727272,0.06896551724137931,0.9310344827586207,29,26
3,p0,probability_margin,0.2988016597054836,0.5272727272727272,0.06896551724137931,0.9310344827586207,29,26
3,p0,probability_margin,0.3056146068018125,0.509090909090909,0.03571428571428571,0.9642857142857143,28,27
3,p0,probability_margin,0.310090603154701,0.509090909090909,0.03571428571428571,0.9642857142857143,28,27
3,p0,probability_margin,0.31031984631293713,0.4727272727272727,0.038461538461538464,0.9615384615384616,26,29
3,p0,probability_margin,0.31186723763103125,0.4727272727272727,0.038461538461538464,0.9615384615384616,26,29
3,p0,probability_margin,0.3136540285791724,0.45454545454545453,0.04,0.96,25,30
3,p0,probability_margin,0.3160093936486755,0.45454545454545453,0.04,0.96,25,30
3,p0,probability_margin,0.32088667634563606,0.43636363636363634,0.041666666666666664,0.9583333333333334,24,31
3,p0,probability_margin,0.3289163560769186,0.43636363636363634,0.041666666666666664,0.9583333333333334,24,31
3,p0,probability_margin,0.33218770707855216,0.43636363636363634,0.041666666666666664,0.9583333333333334,24,31
3,p0,probability_margin,0.33394356911808865,0.4,0.045454545454545456,0.9545454545454546,22,33
3,p0,probability_margin,0.3363139828714629,0.4,0.045454545454545456,0.9545454545454546,22,33
3,p0,probability_margin,0.33657736217739337,0.4,0.045454545454545456,0.9545454545454546,22,33
3,p0,probability_margin,0.33695200481554355,0.36363636363636365,0.0,1.0,20,35
3,p0,probability_margin,0.34706735604559674,0.36363636363636365,0.0,1.0,20,35
3,p0,probability_margin,0.3565489163182022,0.34545454545454546,0.0,1.0,19,36
3,p0,probability_margin,0.3632417963780376,0.34545454545454546,0.0,1.0,19,36
3,p0,probability_margin,0.36770371641792793,0.34545454545454546,0.0,1.0,19,36
3,p0,probability_margin,0.3688129544286107,0.3090909090909091,0.0,1.0,17,38
3,p0,probability_margin,0.37111675645079795,0.3090909090909091,0.0,1.0,17,38
3,p0,probability_margin,0.38352227690508717,0.2909090909090909,0.0,1.0,16,39
3,p0,probability_margin,0.40186998467237783,0.2909090909090909,0.0,1.0,16,39
3,p0,probability_margin,0.4272234522750507,0.2727272727272727,0.0,1.0,15,40
3,p0,probability_margin,0.45457856554497533,0.2727272727272727,0.0,1.0,15,40
3,p0,probability_margin,0.4566048702316364,0.2727272727272727,0.0,1.0,15,40
3,p0,probability_margin,0.46604853353953457,0.21818181818181817,0.0,1.0,12,43
3,p0,probability_margin,0.5085450184250749,0.21818181818181817,0.0,1.0,12,43
3,p0,probability_margin,0.5353020644641185,0.21818181818181817,0.0,1.0,12,43
3,p0,probability_margin,0.6650902056803776,0.18181818181818182,0.0,1.0,10,45
3,p0,probability_margin,0.9153959065974505,0.18181818181818182,0.0,1.0,10,45
3,p0,probability_margin,0.9988311402364705,0.18181818181818182,0.0,1.0,10,45
3,p0,one_minus_normalized_entropy,0.061971554454072764,1.0,0.23636363636363636,0.7636363636363637,55,0
3,p0,one_minus_normalized_entropy,0.06723789389724476,0.9818181818181818,0.2222222222222222,0.7777777777777778,54,1
3,p0,one_minus_normalized_entropy,0.07187278513672432,0.9636363636363636,0.22641509433962265,0.7735849056603774,53,2
3,p0,one_minus_normalized_entropy,0.07287684920497235,0.9636363636363636,0.22641509433962265,0.7735849056603774,53,2
3,p0,one_minus_normalized_entropy,0.07896704356069498,0.9454545454545454,0.23076923076923078,0.7692307692307693,52,3
3,p0,one_minus_normalized_entropy,0.09713679734916979,0.9454545454545454,0.23076923076923078,0.7692307692307693,52,3
3,p0,one_minus_normalized_entropy,0.13145928432564227,0.9272727272727272,0.23529411764705882,0.7647058823529411,51,4
3,p0,one_minus_normalized_entropy,0.18597268778711196,0.9272727272727272,0.23529411764705882,0.7647058823529411,51,4
3,p0,one_minus_normalized_entropy,0.20832243356922864,0.9090909090909091,0.22,0.78,50,5
3,p0,one_minus_normalized_entropy,0.20855966469679021,0.9090909090909091,0.22,0.78,50,5
3,p0,one_minus_normalized_entropy,0.21308446220946087,0.8909090909090909,0.20408163265306123,0.7959183673469388,49,6
3,p0,one_minus_normalized_entropy,0.21910990795691973,0.8909090909090909,0.20408163265306123,0.7959183673469388,49,6
3,p0,one_minus_normalized_entropy,0.22095226875578142,0.8727272727272727,0.1875,0.8125,48,7
3,p0,one_minus_normalized_entropy,0.22238670771795319,0.8545454545454545,0.1702127659574468,0.8297872340425532,47,8
3,p0,one_minus_normalized_entropy,0.22681020500912774,0.8545454545454545,0.1702127659574468,0.8297872340425532,47,8
3,p0,one_minus_normalized_entropy,0.23051655906506419,0.8363636363636363,0.17391304347826086,0.8260869565217391,46,9
3,p0,one_minus_normalized_entropy,0.23106748288595297,0.8363636363636363,0.17391304347826086,0.8260869565217391,46,9
3,p0,one_minus_normalized_entropy,0.23143476543321218,0.8363636363636363,0.17391304347826086,0.8260869565217391,46,9
3,p0,one_minus_normalized_entropy,0.23217520437082417,0.7818181818181819,0.16279069767441862,0.8372093023255814,43,12
3,p0,one_minus_normalized_entropy,0.23335119562467851,0.7818181818181819,0.16279069767441862,0.8372093023255814,43,12
3,p0,one_minus_normalized_entropy,0.23434418366670792,0.7636363636363637,0.16666666666666666,0.8333333333333334,42,13
3,p0,one_minus_normalized_entropy,0.23528488507678733,0.7636363636363637,0.16666666666666666,0.8333333333333334,42,13
3,p0,one_minus_normalized_entropy,0.23627601510269475,0.7454545454545455,0.14634146341463414,0.8536585365853658,41,14
3,p0,one_minus_normalized_entropy,0.23736470176760358,0.7272727272727273,0.15,0.85,40,15
3,p0,one_minus_normalized_entropy,0.23962241780420207,0.7272727272727273,0.15,0.85,40,15
3,p0,one_minus_normalized_entropy,0.24183797873289414,0.7090909090909091,0.15384615384615385,0.8461538461538461,39,16
3,p0,one_minus_normalized_entropy,0.24390599678391373,0.7090909090909091,0.15384615384615385,0.8461538461538461,39,16
3,p0,one_minus_normalized_entropy,0.24727834744661895,0.6909090909090909,0.13157894736842105,0.868421052631579,38,17
3,p0,one_minus_normalized_entropy,0.25286806354918967,0.6909090909090909,0.13157894736842105,0.868421052631579,38,17
3,p0,one_minus_normalized_entropy,0.2573098060518337,0.6727272727272727,0.13513513513513514,0.8648648648648649,37,18
3,p0,one_minus_normalized_entropy,0.26068557306883144,0.6727272727272727,0.13513513513513514,0.8648648648648649,37,18
3,p0,one_minus_normalized_entropy,0.261810828741164,0.6727272727272727,0.13513513513513514,0.8648648648648649,37,18
3,p0,one_minus_normalized_entropy,0.26482557771306936,0.6363636363636364,0.14285714285714285,0.8571428571428571,35,20
3,p0,one_minus_normalized_entropy,0.26852549690586236,0.6363636363636364,0.14285714285714285,0.8571428571428571,35,20
3,p0,one_minus_normalized_entropy,0.27105033157102576,0.6181818181818182,0.14705882352941177,0.8529411764705882,34,21
3,p0,one_minus_normalized_entropy,0.273695295602565,0.6,0.15151515151515152,0.8484848484848485,33,22
3,p0,one_minus_normalized_entropy,0.2776628590351508,0.6,0.15151515151515152,0.8484848484848485,33,22
3,p0,one_minus_normalized_entropy,0.28208527088156654,0.5818181818181818,0.15625,0.84375,32,23
3,p0,one_minus_normalized_entropy,0.2878072496246391,0.5818181818181818,0.15625,0.84375,32,23
3,p0,one_minus_normalized_entropy,0.29163278360327716,0.5636363636363636,0.16129032258064516,0.8387096774193549,31,24
3,p0,one_minus_normalized_entropy,0.2926998524700105,0.5636363636363636,0.16129032258064516,0.8387096774193549,31,24
3,p0,one_minus_normalized_entropy,0.29529610692257385,0.5454545454545454,0.13333333333333333,0.8666666666666667,30,25
3,p0,one_minus_normalized_entropy,0.29911570984380115,0.5454545454545454,0.13333333333333333,0.8666666666666667,30,25
3,p0,one_minus_normalized_entropy,0.3002474440426834,0.5272727272727272,0.13793103448275862,0.8620689655172413,29,26
3,p0,one_minus_normalized_entropy,0.30024744404268344,0.5272727272727272,0.13793103448275862,0.8620689655172413,29,26
3,p0,one_minus_normalized_entropy,0.30522680077086556,0.509090909090909,0.14285714285714285,0.8571428571428571,28,27
3,p0,one_minus_normalized_entropy,0.3110721325822098,0.509090909090909,0.14285714285714285,0.8571428571428571,28,27
3,p0,one_minus_normalized_entropy,0.41188886968418736,0.4909090909090909,0.14814814814814814,0.8518518518518519,27,28
3,p0,one_minus_normalized_entropy,0.49818125268748,0.4727272727272727,0.11538461538461539,0.8846153846153846,26,29
3,p0,one_minus_normalized_entropy,0.5009585996233318,0.4727272727272727,0.11538461538461539,0.8846153846153846,26,29
3,p0,one_minus_normalized_entropy,0.5037465518378632,0.45454545454545453,0.08,0.92,25,30
3,p0,one_minus_normalized_entropy,0.5065596915892588,0.45454545454545453,0.08,0.92,25,30
3,p0,one_minus_normalized_entropy,0.5085444328176454,0.43636363636363634,0.08333333333333333,0.9166666666666666,24,31
3,p0,one_minus_normalized_entropy,0.5094936758922706,0.43636363636363634,0.08333333333333333,0.9166666666666666,24,31
3,p0,one_minus_normalized_entropy,0.5112501338584708,0.41818181818181815,0.043478260869565216,0.9565217391304348,23,32
3,p0,one_minus_normalized_entropy,0.513561552062629,0.41818181818181815,0.043478260869565216,0.9565217391304348,23,32
3,p0,one_minus_normalized_entropy,0.5215981174368818,0.4,0.045454545454545456,0.9545454545454546,22,33
3,p0,one_minus_normalized_entropy,0.5316384843206677,0.4,0.045454545454545456,0.9545454545454546,22,33
3,p0,one_minus_normalized_entropy,0.5327540806410884,0.4,0.045454545454545456,0.9545454545454546,22,33
3,p0,one_minus_normalized_entropy,0.5328816476301554,0.36363636363636365,0.05,0.95,20,35
3,p0,one_minus_normalized_entropy,0.536325956334963,0.36363636363636365,0.05,0.95,20,35
3,p0,one_minus_normalized_entropy,0.539132430094436,0.36363636363636365,0.05,0.95,20,35
3,p0,one_minus_normalized_entropy,0.5406128846031137,0.32727272727272727,0.0,1.0,18,37
3,p0,one_minus_normalized_entropy,0.5450542481291469,0.32727272727272727,0.0,1.0,18,37
3,p0,one_minus_normalized_entropy,0.5473571773648678,0.32727272727272727,0.0,1.0,18,37
3,p0,one_minus_normalized_entropy,0.5511695925264749,0.2909090909090909,0.0,1.0,16,39
3,p0,one_minus_normalized_entropy,0.5572246048419688,0.2909090909090909,0.0,1.0,16,39
3,p0,one_minus_normalized_entropy,0.5656283777904307,0.2727272727272727,0.0,1.0,15,40
3,p0,one_minus_normalized_entropy,0.5747032252054548,0.2727272727272727,0.0,1.0,15,40
3,p0,one_minus_normalized_entropy,0.5753754361250862,0.2727272727272727,0.0,1.0,15,40
3,p0,one_minus_normalized_entropy,0.5790720591934791,0.21818181818181817,0.0,1.0,12,43
3,p0,one_minus_normalized_entropy,0.5957068630012465,0.21818181818181817,0.0,1.0,12,43
3,p0,one_minus_normalized_entropy,0.6061806283616926,0.21818181818181817,0.0,1.0,12,43
3,p0,one_minus_normalized_entropy,0.7148321305082319,0.18181818181818182,0.0,1.0,10,45
3,p0,one_minus_normalized_entropy,0.9243743132194165,0.18181818181818182,0.0,1.0,10,45
3,p0,one_minus_normalized_entropy,0.9942217074564744,0.18181818181818182,0.0,1.0,10,45
3,p1,max_probability,0.3835359846342982,1.0,0.21818181818181817,0.7818181818181819,55,0
3,p1,max_probability,0.4110277393240978,0.9818181818181818,0.2037037037037037,0.7962962962962963,54,1
3,p1,max_probability,0.43774264147872016,0.9636363636363636,0.20754716981132076,0.7924528301886793,53,2
3,p1,max_probability,0.4599906415560733,0.9636363636363636,0.20754716981132076,0.7924528301886793,53,2
3,p1,max_probability,0.4768225681837884,0.9454545454545454,0.19230769230769232,0.8076923076923077,52,3
3,p1,max_probability,0.48079132036861283,0.9454545454545454,0.19230769230769232,0.8076923076923077,52,3
3,p1,max_probability,0.4945820978133495,0.9272727272727272,0.19607843137254902,0.803921568627451,51,4
3,p1,max_probability,0.5206504068329764,0.9272727272727272,0.19607843137254902,0.803921568627451,51,4
3,p1,max_probability,0.5381792704733244,0.9090909090909091,0.18,0.82,50,5
3,p1,max_probability,0.5498372654154181,0.9090909090909091,0.18,0.82,50,5
3,p1,max_probability,0.577647871140272,0.8909090909090909,0.16326530612244897,0.8367346938775511,49,6
3,p1,max_probability,0.6111118906390919,0.8909090909090909,0.16326530612244897,0.8367346938775511,49,6
3,p1,max_probability,0.622642038742298,0.8727272727272727,0.16666666666666666,0.8333333333333334,48,7
3,p1,max_probability,0.6319656193412292,0.8545454545454545,0.14893617021276595,0.851063829787234,47,8
3,p1,max_probability,0.6552035268647582,0.8545454545454545,0.14893617021276595,0.851063829787234,47,8
3,p1,max_probability,0.6753169242547155,0.8363636363636363,0.13043478260869565,0.8695652173913043,46,9
3,p1,max_probability,0.6816824770569567,0.8363636363636363,0.13043478260869565,0.8695652173913043,46,9
3,p1,max_probability,0.6863173382494905,0.8181818181818182,0.1111111111111111,0.8888888888888888,45,10
3,p1,max_probability,0.6874908162226091,0.8181818181818182,0.1111111111111111,0.8888888888888888,45,10
3,p1,max_probability,0.6889447552125955,0.8,0.09090909090909091,0.9090909090909091,44,11
3,p1,max_probability,0.6907007291438241,0.8,0.09090909090909091,0.9090909090909091,44,11
3,p1,max_probability,0.6916075994320268,0.7818181818181819,0.09302325581395349,0.9069767441860465,43,12
3,p1,max_probability,0.6920149969890377,0.7818181818181819,0.09302325581395349,0.9069767441860465,43,12
3,p1,max_probability,0.6925541343746141,0.7636363636363637,0.07142857142857142,0.9285714285714286,42,13
3,p1,max_probability,0.6931309117112092,0.7636363636363637,0.07142857142857142,0.9285714285714286,42,13
3,p1,max_probability,0.7030312999159016,0.7454545454545455,0.07317073170731707,0.926829268292683,41,14
3,p1,max_probability,0.7133298872875735,0.7272727272727273,0.05,0.95,40,15
3,p1,max_probability,0.71928235337839,0.7272727272727273,0.05,0.95,40,15
3,p1,max_probability,0.7272780435062115,0.7090909090909091,0.05128205128205128,0.9487179487179487,39,16
3,p1,max_probability,0.7424250177635505,0.7090909090909091,0.05128205128205128,0.9487179487179487,39,16
3,p1,max_probability,0.7531564814157875,0.6909090909090909,0.05263157894736842,0.9473684210526315,38,17
3,p1,max_probability,0.7563815770393512,0.6909090909090909,0.05263157894736842,0.9473684210526315,38,17
3,p1,max_probability,0.7806649164966496,0.6727272727272727,0.05405405405405406,0.9459459459459459,37,18
3,p1,max_probability,0.8245023395138444,0.6727272727272727,0.05405405405405406,0.9459459459459459,37,18
3,p1,max_probability,0.8464826633310435,0.6545454545454545,0.05555555555555555,0.9444444444444444,36,19
3,p1,max_probability,0.8575344375482445,0.6545454545454545,0.05555555555555555,0.9444444444444444,36,19
3,p1,max_probability,0.862857324211011,0.6363636363636364,0.05714285714285714,0.9428571428571428,35,20
3,p1,max_probability,0.8668781909750425,0.6363636363636364,0.05714285714285714,0.9428571428571428,35,20
3,p1,max_probability,0.8694926631355887,0.6181818181818182,0.029411764705882353,0.9705882352941176,34,21
3,p1,max_probability,0.8719049079615503,0.6,0.030303030303030304,0.9696969696969697,33,22
3,p1,max_probability,0.8731320709119058,0.6,0.030303030303030304,0.9696969696969697,33,22
3,p1,max_probability,0.8750384005481577,0.5818181818181818,0.03125,0.96875,32,23
3,p1,max_probability,0.8788852064298281,0.5818181818181818,0.03125,0.96875,32,23
3,p1,max_probability,0.882025004175369,0.5636363636363636,0.0,1.0,31,24
3,p1,max_probability,0.8841364264501759,0.5636363636363636,0.0,1.0,31,24
3,p1,max_probability,0.8870399733398066,0.5454545454545454,0.0,1.0,30,25
3,p1,max_probability,0.8905772199212961,0.5454545454545454,0.0,1.0,30,25
3,p1,max_probability,0.8923317672889648,0.5272727272727272,0.0,1.0,29,26
3,p1,max_probability,0.8933357044613406,0.5272727272727272,0.0,1.0,29,26
3,p1,max_probability,0.8940820207794898,0.509090909090909,0.0,1.0,28,27
3,p1,max_probability,0.8947835334708171,0.509090909090909,0.0,1.0,28,27
3,p1,max_probability,0.8995644350390324,0.4909090909090909,0.0,1.0,27,28
3,p1,max_probability,0.9050957159353542,0.4727272727272727,0.0,1.0,26,29
3,p1,max_probability,0.9149416779682881,0.4727272727272727,0.0,1.0,26,29
3,p1,max_probability,0.9221402151829923,0.45454545454545453,0.0,1.0,25,30
3,p1,max_probability,0.9230511184544009,0.45454545454545453,0.0,1.0,25,30
3,p1,max_probability,0.9239082127306015,0.43636363636363634,0.0,1.0,24,31
3,p1,max_probability,0.9246980457627922,0.43636363636363634,0.0,1.0,24,31
3,p1,max_probability,0.9298003047610364,0.41818181818181815,0.0,1.0,23,32
3,p1,max_probability,0.9378673566109424,0.41818181818181815,0.0,1.0,23,32
3,p1,max_probability,0.9402419907008224,0.4,0.0,1.0,22,33
3,p1,max_probability,0.9406242785746931,0.4,0.0,1.0,22,33
3,p1,max_probability,0.9430407950390273,0.38181818181818183,0.0,1.0,21,34
3,p1,max_probability,0.9456348534306075,0.36363636363636365,0.0,1.0,20,35
3,p1,max_probability,0.9462337590115789,0.36363636363636365,0.0,1.0,20,35
3,p1,max_probability,0.9469793111682833,0.34545454545454546,0.0,1.0,19,36
3,p1,max_probability,0.9483701082582129,0.34545454545454546,0.0,1.0,19,36
3,p1,max_probability,0.9519061431160017,0.32727272727272727,0.0,1.0,18,37
3,p1,max_probability,0.959732653509509,0.32727272727272727,0.0,1.0,18,37
3,p1,max_probability,0.9647814324247285,0.3090909090909091,0.0,1.0,17,38
3,p1,max_probability,0.9668388082094843,0.3090909090909091,0.0,1.0,17,38
3,p1,max_probability,0.969360023438142,0.2909090909090909,0.0,1.0,16,39
3,p1,max_probability,0.9721540853985066,0.2909090909090909,0.0,1.0,16,39
3,p1,max_probability,0.974287517610029,0.2727272727272727,0.0,1.0,15,40
3,p1,max_probability,0.9762321984647391,0.2727272727272727,0.0,1.0,15,40
3,p1,max_probability,0.9783077459352583,0.2545454545454545,0.0,1.0,14,41
3,p1,max_probability,0.9806048684495319,0.23636363636363636,0.0,1.0,13,42
3,p1,max_probability,0.9855408123949282,0.23636363636363636,0.0,1.0,13,42
3,p1,max_probability,0.989441795513177,0.21818181818181817,0.0,1.0,12,43
3,p1,max_probability,0.9897204157364088,0.21818181818181817,0.0,1.0,12,43
3,p1,max_probability,0.9900919134138676,0.2,0.0,1.0,11,44
3,p1,max_probability,0.9906213027635126,0.2,0.0,1.0,11,44
3,p1,max_probability,0.991045959414295,0.18181818181818182,0.0,1.0,10,45
3,p1,max_probability,0.9913733642732765,0.18181818181818182,0.0,1.0,10,45
3,p1,max_probability,0.9918986202056423,0.16363636363636364,0.0,1.0,9,46
3,p1,max_probability,0.9925228016747005,0.16363636363636364,0.0,1.0,9,46
3,p1,max_probability,0.9944748371768054,0.14545454545454545,0.0,1.0,8,47
3,p1,max_probability,0.9967286576864209,0.14545454545454545,0.0,1.0,8,47
3,p1,max_probability,0.9969528618956587,0.12727272727272726,0.0,1.0,7,48
3,p1,max_probability,0.9970966922681418,0.10909090909090909,0.0,1.0,6,49
3,p1,max_probability,0.9972220292697797,0.10909090909090909,0.0,1.0,6,49
3,p1,max_probability,0.9973221749002573,0.09090909090909091,0.0,1.0,5,50
3,p1,max_probability,0.9973503451845627,0.09090909090909091,0.0,1.0,5,50
3,p1,max_probability,0.9973869265326301,0.07272727272727272,0.0,1.0,4,51
3,p1,max_probability,0.99743574215526,0.07272727272727272,0.0,1.0,4,51
3,p1,max_probability,0.9976949014002621,0.05454545454545454,0.0,1.0,3,52
3,p1,max_probability,0.9981223355431617,0.05454545454545454,0.0,1.0,3,52
3,p1,max_probability,0.9984564837779387,0.03636363636363636,0.0,1.0,2,53
3,p1,max_probability,0.9987513537356116,0.03636363636363636,0.0,1.0,2,53
3,p1,max_probability,0.9988801612323335,0.01818181818181818,0.0,1.0,1,54
3,p1,max_probability,0.9989800883010637,0.01818181818181818,0.0,1.0,1,54
3,p1,probability_margin,0.02735465416932148,1.0,0.21818181818181817,0.7818181818181819,55,0
3,p1,probability_margin,0.049431437866354566,0.9818181818181818,0.2037037037037037,0.7962962962962963,54,1
3,p1,probability_margin,0.07257034134719885,0.9636363636363636,0.20754716981132076,0.7924528301886793,53,2
3,p1,probability_margin,0.10181643358495746,0.9636363636363636,0.20754716981132076,0.7924528301886793,53,2
3,p1,probability_margin,0.13168705511383358,0.9454545454545454,0.19230769230769232,0.8076923076923077,52,3
3,p1,probability_margin,0.16304093370911382,0.9454545454545454,0.19230769230769232,0.8076923076923077,52,3
3,p1,probability_margin,0.18769638477380077,0.9272727272727272,0.19607843137254902,0.803921568627451,51,4
3,p1,probability_margin,0.2039788014252462,0.9272727272727272,0.19607843137254902,0.803921568627451,51,4
3,p1,probability_margin,0.2279281049595814,0.9090909090909091,0.18,0.82,50,5
3,p1,probability_margin,0.2571483932259033,0.9090909090909091,0.18,0.82,50,5
3,p1,probability_margin,0.2676923744082775,0.8909090909090909,0.16326530612244897,0.8367346938775511,49,6
3,p1,probability_margin,0.2716996481112699,0.8909090909090909,0.16326530612244897,0.8367346938775511,49,6
3,p1,probability_margin,0.3282772346116634,0.8727272727272727,0.16666666666666666,0.8333333333333334,48,7
3,p1,probability_margin,0.3892491713013114,0.8545454545454545,0.14893617021276595,0.851063829787234,47,8
3,p1,probability_margin,0.39362069632001795,0.8545454545454545,0.14893617021276595,0.851063829787234,47,8
3,p1,probability_margin,0.3973887199613947,0.8363636363636363,0.13043478260869565,0.8695652173913043,46,9
3,p1,probability_margin,0.3985013375425202,0.8363636363636363,0.13043478260869565,0.8695652173913043,46,9
3,p1,probability_margin,0.41334177979410097,0.8181818181818182,0.13333333333333333,0.8666666666666667,45,10
3,p1,probability_margin,0.4556378713865917,0.8181818181818182,0.13333333333333333,0.8666666666666667,45,10
3,p1,probability_margin,0.4819186087287074,0.8,0.11363636363636363,0.8863636363636364,44,11
3,p1,probability_margin,0.4909520414934958,0.8,0.11363636363636363,0.8863636363636364,44,11
3,p1,probability_margin,0.4945538842363934,0.7818181818181819,0.09302325581395349,0.9069767441860465,43,12
3,p1,probability_margin,0.49496067402523763,0.7818181818181819,0.09302325581395349,0.9069767441860465,43,12
3,p1,probability_margin,0.5013456713432356,0.7636363636363637,0.09523809523809523,0.9047619047619048,42,13
3,p1,probability_margin,0.5094387279552774,0.7636363636363637,0.09523809523809523,0.9047619047619048,42,13
3,p1,probability_margin,0.5155351810935951,0.7454545454545455,0.0975609756097561,0.9024390243902439,41,14
3,p1,probability_margin,0.5221921086802254,0.7272727272727273,0.075,0.925,40,15
3,p1,probability_margin,0.5378515703444895,0.7272727272727273,0.075,0.925,40,15
3,p1,probability_margin,0.550434570188194,0.7090909090909091,0.05128205128205128,0.9487179487179487,39,16
3,p1,probability_margin,0.5522499536599401,0.7090909090909091,0.05128205128205128,0.9487179487179487,39,16
3,p1,probability_margin,0.5541152480715107,0.6909090909090909,0.05263157894736842,0.9473684210526315,38,17
3,p1,probability_margin,0.556065391080783,0.6909090909090909,0.05263157894736842,0.9473684210526315,38,17
3,p1,probability_margin,0.6073775240649617,0.6727272727272727,0.05405405405405406,0.9459459459459459,37,18
3,p1,probability_margin,0.7045257905972673,0.6727272727272727,0.05405405405405406,0.9459459459459459,37,18
3,p1,probability_margin,0.7392756686604633,0.6545454545454545,0.05555555555555555,0.9444444444444444,36,19
3,p1,probability_margin,0.7428263524891047,0.6545454545454545,0.05555555555555555,0.9444444444444444,36,19
3,p1,probability_margin,0.7514960888243524,0.6363636363636364,0.05714285714285714,0.9428571428571428,35,20
3,p1,probability_margin,0.7613292461838289,0.6363636363636364,0.05714285714285714,0.9428571428571428,35,20
3,p1,probability_margin,0.7796401226904554,0.6181818181818182,0.029411764705882353,0.9705882352941176,34,21
3,p1,probability_margin,0.7964161559430843,0.6,0.030303030303030304,0.9696969696969697,33,22
3,p1,probability_margin,0.7983049141953785,0.6,0.030303030303030304,0.9696969696969697,33,22
3,p1,probability_margin,0.801738556693993,0.5818181818181818,0.03125,0.96875,32,23
3,p1,probability_margin,0.8095861541820936,0.5818181818181818,0.03125,0.96875,32,23
3,p1,probability_margin,0.816466117186037,0.5636363636363636,0.0,1.0,31,24
3,p1,probability_margin,0.8219386118493881,0.5636363636363636,0.0,1.0,31,24
3,p1,probability_margin,0.8252276771236621,0.5454545454545454,0.0,1.0,30,25
3,p1,probability_margin,0.8267699988866744,0.5454545454545454,0.0,1.0,30,25
3,p1,probability_margin,0.8280198495676548,0.5272727272727272,0.0,1.0,29,26
3,p1,probability_margin,0.8291465545298851,0.5272727272727272,0.0,1.0,29,26
3,p1,probability_margin,0.8308718243018247,0.509090909090909,0.0,1.0,28,27
3,p1,probability_margin,0.8327011923015399,0.509090909090909,0.0,1.0,28,27
3,p1,probability_margin,0.8356527712213057,0.4909090909090909,0.0,1.0,27,28
3,p1,probability_margin,0.8412129509586015,0.4727272727272727,0.0,1.0,26,29
3,p1,probability_margin,0.8617725853966954,0.4727272727272727,0.0,1.0,26,29
3,p1,probability_margin,0.8767780214173833,0.45454545454545453,0.0,1.0,25,30
3,p1,probability_margin,0.8785922361967318,0.45454545454545453,0.0,1.0,25,30
3,p1,probability_margin,0.8804785216192955,0.43636363636363634,0.0,1.0,24,31
3,p1,probability_margin,0.8824548953458783,0.43636363636363634,0.0,1.0,24,31
3,p1,probability_margin,0.8853683882831972,0.41818181818181815,0.0,1.0,23,32
3,p1,probability_margin,0.8889261506778974,0.41818181818181815,0.0,1.0,23,32
3,p1,probability_margin,0.8937892663632155,0.4,0.0,1.0,22,33
3,p1,probability_margin,0.8991092557002499,0.4,0.0,1.0,22,33
3,p1,probability_margin,0.9008242772487244,0.38181818181818183,0.0,1.0,21,34
3,p1,probability_margin,0.9021020703234917,0.36363636363636365,0.0,1.0,20,35
3,p1,probability_margin,0.90372806839469,0.36363636363636365,0.0,1.0,20,35
3,p1,probability_margin,0.9051283980410426,0.34545454545454546,0.0,1.0,19,36
3,p1,probability_margin,0.9055357866180735,0.34545454545454546,0.0,1.0,19,36
3,p1,probability_margin,0.9125152043304326,0.32727272727272727,0.0,1.0,18,37
3,p1,probability_margin,0.9326386803134481,0.32727272727272727,0.0,1.0,18,37
3,p1,probability_margin,0.9433371300539091,0.3090909090909091,0.0,1.0,17,38
3,p1,probability_margin,0.9438855515331583,0.3090909090909091,0.0,1.0,17,38
3,p1,probability_margin,0.9471135498829125,0.2909090909090909,0.0,1.0,16,39
3,p1,probability_margin,0.9519177699211989,0.2909090909090909,0.0,1.0,16,39
3,p1,probability_margin,0.9577990585079584,0.2727272727272727,0.0,1.0,15,40
3,p1,probability_margin,0.9639880809657102,0.2727272727272727,0.0,1.0,15,40
3,p1,probability_margin,0.9681250277333462,0.2545454545454545,0.0,1.0,14,41
3,p1,probability_margin,0.9722409622846319,0.23636363636363636,0.0,1.0,13,42
3,p1,probability_margin,0.9781463198216533,0.23636363636363636,0.0,1.0,13,42
3,p1,probability_margin,0.9828945918279545,0.21818181818181817,0.0,1.0,12,43
3,p1,probability_margin,0.9835930644767341,0.21818181818181817,0.0,1.0,12,43
3,p1,probability_margin,0.9841919473323057,0.2,0.0,1.0,11,44
3,p1,probability_margin,0.9846215275394241,0.2,0.0,1.0,11,44
3,p1,probability_margin,0.9855858039063928,0.18181818181818182,0.0,1.0,10,45
3,p1,probability_margin,0.9870465838503656,0.18181818181818182,0.0,1.0,10,45
3,p1,probability_margin,0.9878464868096766,0.16363636363636364,0.0,1.0,9,46
3,p1,probability_margin,0.9883159512766567,0.16363636363636364,0.0,1.0,9,46
3,p1,probability_margin,0.9913849881880941,0.14545454545454545,0.0,1.0,8,47
3,p1,probability_margin,0.9950448370187263,0.14545454545454545,0.0,1.0,8,47
3,p1,probability_margin,0.995434230982991,0.12727272727272726,0.0,1.0,7,48
3,p1,probability_margin,0.9956829455912434,0.10909090909090909,0.0,1.0,6,49
3,p1,probability_margin,0.9958125191564328,0.10909090909090909,0.0,1.0,6,49
3,p1,probability_margin,0.9959241336732856,0.09090909090909091,0.0,1.0,5,50
3,p1,probability_margin,0.9959844366234626,0.09090909090909091,0.0,1.0,5,50
3,p1,probability_margin,0.9960692093430509,0.07272727272727272,0.0,1.0,4,51
3,p1,probability_margin,0.99618957445451,0.07272727272727272,0.0,1.0,4,51
3,p1,probability_margin,0.9965925714647592,0.05454545454545454,0.0,1.0,3,52
3,p1,probability_margin,0.9972216739940405,0.05454545454545454,0.0,1.0,3,52
3,p1,probability_margin,0.9977540902373007,0.03636363636363636,0.0,1.0,2,53
3,p1,probability_margin,0.998245796465394,0.03636363636363636,0.0,1.0,2,53
3,p1,probability_margin,0.9984342542755996,0.01818181818181818,0.0,1.0,1,54
3,p1,probability_margin,0.9985699732305203,0.01818181818181818,0.0,1.0,1,54
3,p1,one_minus_normalized_entropy,0.21059927455707217,1.0,0.21818181818181817,0.7818181818181819,55,0
3,p1,one_minus_normalized_entropy,0.22122486394155583,0.9818181818181818,0.2037037037037037,0.7962962962962963,54,1
3,p1,one_minus_normalized_entropy,0.23069792418105928,0.9636363636363636,0.20754716981132076,0.7924528301886793,53,2
3,p1,one_minus_normalized_entropy,0.2335439418369265,0.9636363636363636,0.20754716981132076,0.7924528301886793,53,2
3,p1,one_minus_normalized_entropy,0.2356997087870072,0.9454545454545454,0.19230769230769232,0.8076923076923077,52,3
3,p1,one_minus_normalized_entropy,0.23621613031084476,0.9454545454545454,0.19230769230769232,0.8076923076923077,52,3
3,p1,one_minus_normalized_entropy,0.2451289020682635,0.9272727272727272,0.19607843137254902,0.803921568627451,51,4
3,p1,one_minus_normalized_entropy,0.26453711161765864,0.9272727272727272,0.19607843137254902,0.803921568627451,51,4
3,p1,one_minus_normalized_entropy,0.2976067210994367,0.9090909090909091,0.18,0.82,50,5
3,p1,one_minus_normalized_entropy,0.3400685430347279,0.9090909090909091,0.18,0.82,50,5
3,p1,one_minus_normalized_entropy,0.35906091365139875,0.8909090909090909,0.16326530612244897,0.8367346938775511,49,6
3,p1,one_minus_normalized_entropy,0.36983897630655244,0.8909090909090909,0.16326530612244897,0.8367346938775511,49,6
3,p1,one_minus_normalized_entropy,0.38177434906370183,0.8727272727272727,0.14583333333333334,0.8541666666666666,48,7
3,p1,one_minus_normalized_entropy,0.39342673705182923,0.8545454545454545,0.1276595744680851,0.8723404255319149,47,8
3,p1,one_minus_normalized_entropy,0.39396026321389765,0.8545454545454545,0.1276595744680851,0.8723404255319149,47,8
3,p1,one_minus_normalized_entropy,0.3947322448821421,0.8363636363636363,0.10869565217391304,0.8913043478260869,46,9
3,p1,one_minus_normalized_entropy,0.39655343077756094,0.8363636363636363,0.10869565217391304,0.8913043478260869,46,9
3,p1,one_minus_normalized_entropy,0.3986690304822599,0.8181818181818182,0.08888888888888889,0.9111111111111111,45,10
3,p1,one_minus_normalized_entropy,0.4013734578055188,0.8181818181818182,0.08888888888888889,0.9111111111111111,45,10
3,p1,one_minus_normalized_entropy,0.4033233909556266,0.8,0.06818181818181818,0.9318181818181818,44,11
3,p1,one_minus_normalized_entropy,0.4044607919192638,0.8,0.06818181818181818,0.9318181818181818,44,11
3,p1,one_minus_normalized_entropy,0.4105251856745138,0.7818181818181819,0.06976744186046512,0.9302325581395349,43,12
3,p1,one_minus_normalized_entropy,0.4194878104836536,0.7818181818181819,0.06976744186046512,0.9302325581395349,43,12
3,p1,one_minus_normalized_entropy,0.4294919581821544,0.7636363636363637,0.07142857142857142,0.9285714285714286,42,13
3,p1,one_minus_normalized_entropy,0.4397936838490441,0.7636363636363637,0.07142857142857142,0.9285714285714286,42,13
3,p1,one_minus_normalized_entropy,0.44524003375554216,0.7454545454545455,0.04878048780487805,0.9512195121951219,41,14
3,p1,one_minus_normalized_entropy,0.450985959695442,0.7272727272727273,0.05,0.95,40,15
3,p1,one_minus_normalized_entropy,0.4653319618132549,0.7272727272727273,0.05,0.95,40,15
3,p1,one_minus_normalized_entropy,0.4800290940594457,0.7090909090909091,0.05128205128205128,0.9487179487179487,39,16
3,p1,one_minus_normalized_entropy,0.495955181754959,0.7090909090909091,0.05128205128205128,0.9487179487179487,39,16
3,p1,one_minus_normalized_entropy,0.5093334290170349,0.6909090909090909,0.05263157894736842,0.9473684210526315,38,17
3,p1,one_minus_normalized_entropy,0.5183803475422669,0.6909090909090909,0.05263157894736842,0.9473684210526315,38,17
3,p1,one_minus_normalized_entropy,0.5431428935302974,0.6727272727272727,0.05405405405405406,0.9459459459459459,37,18
3,p1,one_minus_normalized_entropy,0.5824985221623548,0.6727272727272727,0.05405405405405406,0.9459459459459459,37,18
3,p1,one_minus_normalized_entropy,0.6165009710510945,0.6545454545454545,0.05555555555555555,0.9444444444444444,36,19
3,p1,one_minus_normalized_entropy,0.6478268300681751,0.6545454545454545,0.05555555555555555,0.9444444444444444,36,19
3,p1,one_minus_normalized_entropy,0.6578585915721429,0.6363636363636364,0.05714285714285714,0.9428571428571428,35,20
3,p1,one_minus_normalized_entropy,0.6630507854594944,0.6363636363636364,0.05714285714285714,0.9428571428571428,35,20
3,p1,one_minus_normalized_entropy,0.6642433185327591,0.6181818181818182,0.058823529411764705,0.9411764705882353,34,21
3,p1,one_minus_normalized_entropy,0.6651740667868262,0.6,0.030303030303030304,0.9696969696969697,33,22
3,p1,one_minus_normalized_entropy,0.6652412013531863,0.6,0.030303030303030304,0.9696969696969697,33,22
3,p1,one_minus_normalized_entropy,0.6667153970338584,0.5818181818181818,0.03125,0.96875,32,23
3,p1,one_minus_normalized_entropy,0.6722097673268507,0.5818181818181818,0.03125,0.96875,32,23
3,p1,one_minus_normalized_entropy,0.676925772150209,0.5636363636363636,0.0,1.0,31,24
3,p1,one_minus_normalized_entropy,0.680509609017736,0.5636363636363636,0.0,1.0,31,24
3,p1,one_minus_normalized_entropy,0.6869512116675055,0.5454545454545454,0.0,1.0,30,25
3,p1,one_minus_normalized_entropy,0.6956790269430688,0.5454545454545454,0.0,1.0,30,25
3,p1,one_minus_normalized_entropy,0.6998334440005105,0.5272727272727272,0.0,1.0,29,26
3,p1,one_minus_normalized_entropy,0.7020622197029535,0.5272727272727272,0.0,1.0,29,26
3,p1,one_minus_normalized_entropy,0.7035078309409482,0.509090909090909,0.0,1.0,28,27
3,p1,one_minus_normalized_entropy,0.7048172396633866,0.509090909090909,0.0,1.0,28,27
3,p1,one_minus_normalized_entropy,0.7164106042582393,0.4909090909090909,0.0,1.0,27,28
3,p1,one_minus_normalized_entropy,0.7285310784350733,0.4727272727272727,0.0,1.0,26,29
3,p1,one_minus_normalized_entropy,0.7436824327082985,0.4727272727272727,0.0,1.0,26,29
3,p1,one_minus_normalized_entropy,0.7561779239450811,0.45454545454545453,0.0,1.0,25,30
3,p1,one_minus_normalized_entropy,0.7623657404703127,0.45454545454545453,0.0,1.0,25,30
3,p1,one_minus_normalized_entropy,0.7667262851456534,0.43636363636363634,0.0,1.0,24,31
3,p1,one_minus_normalized_entropy,0.7688027400086306,0.43636363636363634,0.0,1.0,24,31
3,p1,one_minus_normalized_entropy,0.7823074280317028,0.41818181818181815,0.0,1.0,23,32
3,p1,one_minus_normalized_entropy,0.8036690263523408,0.41818181818181815,0.0,1.0,23,32
3,p1,one_minus_normalized_entropy,0.811957551311247,0.4,0.0,1.0,22,33
3,p1,one_minus_normalized_entropy,0.8156705005935471,0.4,0.0,1.0,22,33
3,p1,one_minus_normalized_entropy,0.8222344647669322,0.38181818181818183,0.0,1.0,21,34
3,p1,one_minus_normalized_entropy,0.8289114302500664,0.36363636363636365,0.0,1.0,20,35
3,p1,one_minus_normalized_entropy,0.8292606313906491,0.36363636363636365,0.0,1.0,20,35
3,p1,one_minus_normalized_entropy,0.8304775748429992,0.34545454545454546,0.0,1.0,19,36
3,p1,one_minus_normalized_entropy,0.8355125844671256,0.34545454545454546,0.0,1.0,19,36
3,p1,one_minus_normalized_entropy,0.8440614671074688,0.32727272727272727,0.0,1.0,18,37
3,p1,one_minus_normalized_entropy,0.8596380957802454,0.32727272727272727,0.0,1.0,18,37
3,p1,one_minus_normalized_entropy,0.8713891194133456,0.3090909090909091,0.0,1.0,17,38
3,p1,one_minus_normalized_entropy,0.8790202606960255,0.3090909090909091,0.0,1.0,17,38
3,p1,one_minus_normalized_entropy,0.8863954015405475,0.2909090909090909,0.0,1.0,16,39
3,p1,one_minus_normalized_entropy,0.8936199538920357,0.2909090909090909,0.0,1.0,16,39
3,p1,one_minus_normalized_entropy,0.9001057434221923,0.2727272727272727,0.0,1.0,15,40
3,p1,one_minus_normalized_entropy,0.9063804578605397,0.2727272727272727,0.0,1.0,15,40
3,p1,one_minus_normalized_entropy,0.9111465427724816,0.2545454545454545,0.0,1.0,14,41
3,p1,one_minus_normalized_entropy,0.9168563112713508,0.23636363636363636,0.0,1.0,13,42
3,p1,one_minus_normalized_entropy,0.9358707541332176,0.23636363636363636,0.0,1.0,13,42
3,p1,one_minus_normalized_entropy,0.9508463630322418,0.21818181818181817,0.0,1.0,12,43
3,p1,one_minus_normalized_entropy,0.9516860530613159,0.21818181818181817,0.0,1.0,12,43
3,p1,one_minus_normalized_entropy,0.9531304020126804,0.2,0.0,1.0,11,44
3,p1,one_minus_normalized_entropy,0.9556026711319386,0.2,0.0,1.0,11,44
3,p1,one_minus_normalized_entropy,0.9571830227019648,0.18181818181818182,0.0,1.0,10,45
3,p1,one_minus_normalized_entropy,0.9579351651191328,0.18181818181818182,0.0,1.0,10,45
3,p1,one_minus_normalized_entropy,0.9601126204377237,0.16363636363636364,0.0,1.0,9,46
3,p1,one_minus_normalized_entropy,0.9630027322070261,0.16363636363636364,0.0,1.0,9,46
3,p1,one_minus_normalized_entropy,0.9717175552897046,0.14545454545454545,0.0,1.0,8,47
3,p1,one_minus_normalized_entropy,0.9817561763981504,0.14545454545454545,0.0,1.0,8,47
3,p1,one_minus_normalized_entropy,0.982821213696847,0.12727272727272726,0.0,1.0,7,48
3,p1,one_minus_normalized_entropy,0.9835304593719333,0.10909090909090909,0.0,1.0,6,49
3,p1,one_minus_normalized_entropy,0.984154474768829,0.10909090909090909,0.0,1.0,6,49
3,p1,one_minus_normalized_entropy,0.9846605302539821,0.09090909090909091,0.0,1.0,5,50
3,p1,one_minus_normalized_entropy,0.9848295574198712,0.09090909090909091,0.0,1.0,5,50
3,p1,one_minus_normalized_entropy,0.9850458302171238,0.07272727272727272,0.0,1.0,4,51
3,p1,one_minus_normalized_entropy,0.9853308239327233,0.07272727272727272,0.0,1.0,4,51
3,p1,one_minus_normalized_entropy,0.9866516110040188,0.05454545454545454,0.0,1.0,3,52
3,p1,one_minus_normalized_entropy,0.9888010327598712,0.05454545454545454,0.0,1.0,3,52
3,p1,one_minus_normalized_entropy,0.9905463110665037,0.03636363636363636,0.0,1.0,2,53
3,p1,one_minus_normalized_entropy,0.9921214237103066,0.03636363636363636,0.0,1.0,2,53
3,p1,one_minus_normalized_entropy,0.9928357649732398,0.01818181818181818,0.0,1.0,1,54
3,p1,one_minus_normalized_entropy,0.9934004068655868,0.01818181818181818,0.0,1.0,1,54
